slot_zero_based,slot_paper_one_based,slot_start_s,slot_end_s,new_items,new_data_bytes,new_data_bits,cumulative_data_bytes,cumulative_data_bits
0,1,0.0,1.0,0,0,0,0,0
1,2,1.0,2.0,0,0,0,0,0
2,3,2.0,3.0,0,0,0,0,0
3,4,3.0,4.0,0,0,0,0,0
4,5,4.0,5.0,0,0,0,0,0
5,6,5.0,6.0,0,0,0,0,0
6,7,6.0,7.0,0,0,0,0,0
7,8,7.0,8.0,0,0,0,0,0
8,9,8.0,9.0,0,0,0,0,0
9,10,9.0,10.0,0,0,0,0,0
10,11,10.0,11.0,0,0,0,0,0
11,12,11.0,12.0,0,0,0,0,0
12,13,12.0,13.0,0,0,0,0,0
13,14,13.0,14.0,0,0,0,0,0
14,15,14.0,15.0,0,0,0,0,0
15,16,15.0,16.0,0,0,0,0,0
16,17,16.0,17.0,0,0,0,0,0
17,18,17.0,18.0,0,0,0,0,0
18,19,18.0,19.0,0,0,0,0,0
19,20,19.0,20.0,0,0,0,0,0
20,21,20.0,21.0,0,0,0,0,0
21,22,21.0,22.0,0,0,0,0,0
22,23,22.0,23.0,0,0,0,0,0
23,24,23.0,24.0,0,0,0,0,0
24,25,24.0,25.0,0,0,0,0,0
25,26,25.0,26.0,0,0,0,0,0
26,27,26.0,27.0,0,0,0,0,0
27,28,27.0,28.0,0,0,0,0,0
28,29,28.0,29.0,0,0,0,0,0
29,30,29.0,30.0,0,0,0,0,0
30,31,30.0,31.0,0,0,0,0,0
31,32,31.0,32.0,0,0,0,0,0
32,33,32.0,33.0,0,0,0,0,0
33,34,33.0,34.0,0,0,0,0,0
34,35,34.0,35.0,0,0,0,0,0
35,36,35.0,36.0,0,0,0,0,0
36,37,36.0,37.0,0,0,0,0,0
37,38,37.0,38.0,0,0,0,0,0
38,39,38.0,39.0,0,0,0,0,0
39,40,39.0,40.0,2,2070433,16563464,2070433,16563464
40,41,40.0,41.0,3,2790296,22322368,4860729,38885832
41,42,41.0,42.0,3,2907517,23260136,7768246,62145968
42,43,42.0,43.0,3,3253827,26030616,11022073,88176584
43,44,43.0,44.0,3,2122025,16976200,13144098,105152784
44,45,44.0,45.0,5,5188493,41507944,18332591,146660728
45,46,45.0,46.0,4,3822555,30580440,22155146,177241168
46,47,46.0,47.0,4,3683656,29469248,25838802,206710416
47,48,47.0,48.0,4,3240622,25924976,29079424,232635392
48,49,48.0,49.0,6,5461688,43693504,34541112,276328896
49,50,49.0,50.0,8,8327603,66620824,42868715,342949720
50,51,50.0,51.0,6,6133948,49071584,49002663,392021304
51,52,51.0,52.0,8,7638715,61109720,56641378,453131024
52,53,52.0,53.0,7,5965275,47722200,62606653,500853224
53,54,53.0,54.0,12,11648312,93186496,74254965,594039720
54,55,54.0,55.0,8,7880926,63047408,82135891,657087128
55,56,55.0,56.0,9,8534603,68276824,90670494,725363952
56,57,56.0,57.0,13,12307367,98458936,102977861,823822888
57,58,57.0,58.0,13,12007522,96060176,114985383,919883064
58,59,58.0,59.0,9,8573967,68591736,123559350,988474800
59,60,59.0,60.0,14,13242339,105938712,136801689,1094413512
60,61,60.0,61.0,8,7553587,60428696,144355276,1154842208
61,62,61.0,62.0,16,13443444,107547552,157798720,1262389760
62,63,62.0,63.0,11,9328281,74626248,167127001,1337016008
63,64,63.0,64.0,8,8419985,67359880,175546986,1404375888
64,65,64.0,65.0,13,12473376,99787008,188020362,1504162896
65,66,65.0,66.0,8,7201521,57612168,195221883,1561775064
66,67,66.0,67.0,7,7116395,56931160,202338278,1618706224
67,68,67.0,68.0,9,7605416,60843328,209943694,1679549552
68,69,68.0,69.0,5,4737190,37897520,214680884,1717447072
69,70,69.0,70.0,4,3796368,30370944,218477252,1747818016
70,71,70.0,71.0,5,4331468,34651744,222808720,1782469760
71,72,71.0,72.0,9,8810732,70485856,231619452,1852955616
72,73,72.0,73.0,8,7947686,63581488,239567138,1916537104
73,74,73.0,74.0,8,7404545,59236360,246971683,1975773464
74,75,74.0,75.0,8,7402895,59223160,254374578,2034996624
75,76,75.0,76.0,10,9414697,75317576,263789275,2110314200
76,77,76.0,77.0,7,7384853,59078824,271174128,2169393024
77,78,77.0,78.0,12,11811492,94491936,282985620,2263884960
78,79,78.0,79.0,12,12011639,96093112,294997259,2359978072
79,80,79.0,80.0,11,9333700,74669600,304330959,2434647672
80,81,80.0,81.0,12,11194589,89556712,315525548,2524204384
81,82,81.0,82.0,12,10238918,81911344,325764466,2606115728
82,83,82.0,83.0,11,10147775,81182200,335912241,2687297928
83,84,83.0,84.0,11,10031693,80253544,345943934,2767551472
84,85,84.0,85.0,8,7315320,58522560,353259254,2826074032
85,86,85.0,86.0,9,8970982,71767856,362230236,2897841888
86,87,86.0,87.0,6,5493934,43951472,367724170,2941793360
87,88,87.0,88.0,7,6992501,55940008,374716671,2997733368
88,89,88.0,89.0,10,8936713,71493704,383653384,3069227072
89,90,89.0,90.0,10,9478375,75827000,393131759,3145054072
90,91,90.0,91.0,9,8783079,70264632,401914838,3215318704
91,92,91.0,92.0,9,7559503,60476024,409474341,3275794728
92,93,92.0,93.0,8,6959734,55677872,416434075,3331472600
93,94,93.0,94.0,8,7318055,58544440,423752130,3390017040
94,95,94.0,95.0,12,11226106,89808848,434978236,3479825888
95,96,95.0,96.0,11,10165991,81327928,445144227,3561153816
96,97,96.0,97.0,12,11238558,89908464,456382785,3651062280
97,98,97.0,98.0,10,8493543,67948344,464876328,3719010624
98,99,98.0,99.0,8,8165704,65325632,473042032,3784336256
99,100,99.0,100.0,9,7794344,62354752,480836376,3846691008
100,101,100.0,101.0,12,11343554,90748432,492179930,3937439440
101,102,101.0,102.0,6,5163787,41310296,497343717,3978749736
102,103,102.0,103.0,7,6528359,52226872,503872076,4030976608
103,104,103.0,104.0,6,4630769,37046152,508502845,4068022760
104,105,104.0,105.0,3,2989465,23915720,511492310,4091938480
105,106,105.0,106.0,5,4821879,38575032,516314189,4130513512
106,107,106.0,107.0,2,1733569,13868552,518047758,4144382064
107,108,107.0,108.0,3,3243474,25947792,521291232,4170329856
108,109,108.0,109.0,1,796665,6373320,522087897,4176703176
109,110,109.0,110.0,0,0,0,522087897,4176703176
110,111,110.0,111.0,0,0,0,522087897,4176703176
111,112,111.0,112.0,0,0,0,522087897,4176703176
112,113,112.0,113.0,0,0,0,522087897,4176703176
113,114,113.0,114.0,0,0,0,522087897,4176703176
114,115,114.0,115.0,2,1893383,15147064,523981280,4191850240
115,116,115.0,116.0,4,3567420,28539360,527548700,4220389600
116,117,116.0,117.0,2,1868251,14946008,529416951,4235335608
117,118,117.0,118.0,3,2904269,23234152,532321220,4258569760
118,119,118.0,119.0,7,6338905,50711240,538660125,4309281000
119,120,119.0,120.0,6,5419592,43356736,544079717,4352637736
120,121,120.0,121.0,7,5836638,46693104,549916355,4399330840
121,122,121.0,122.0,14,12254316,98034528,562170671,4497365368
122,123,122.0,123.0,12,11016241,88129928,573186912,4585495296
123,124,123.0,124.0,15,13622609,108980872,586809521,4694476168
124,125,124.0,125.0,10,10079549,80636392,596889070,4775112560
125,126,125.0,126.0,12,11201370,89610960,608090440,4864723520
126,127,126.0,127.0,21,19592826,156742608,627683266,5021466128
127,128,127.0,128.0,16,15176319,121410552,642859585,5142876680
128,129,128.0,129.0,12,11359515,90876120,654219100,5233752800
129,130,129.0,130.0,18,16336512,130692096,670555612,5364444896
130,131,130.0,131.0,15,14466655,115733240,685022267,5480178136
131,132,131.0,132.0,19,17611772,140894176,702634039,5621072312
132,133,132.0,133.0,18,16762145,134097160,719396184,5755169472
133,134,133.0,134.0,16,14829714,118637712,734225898,5873807184
134,135,134.0,135.0,12,11212758,89702064,745438656,5963509248
135,136,135.0,136.0,10,9155545,73244360,754594201,6036753608
136,137,136.0,137.0,13,12692919,101543352,767287120,6138296960
137,138,137.0,138.0,9,8749272,69994176,776036392,6208291136
138,139,138.0,139.0,10,10422656,83381248,786459048,6291672384
139,140,139.0,140.0,8,6153653,49229224,792612701,6340901608
140,141,140.0,141.0,8,7986276,63890208,800598977,6404791816
141,142,141.0,142.0,5,4120359,32962872,804719336,6437754688
142,143,142.0,143.0,6,5439700,43517600,810159036,6481272288
143,144,143.0,144.0,6,5784975,46279800,815944011,6527552088
144,145,144.0,145.0,7,5785203,46281624,821729214,6573833712
145,146,145.0,146.0,6,6623756,52990048,828352970,6626823760
146,147,146.0,147.0,2,1807131,14457048,830160101,6641280808
147,148,147.0,148.0,4,3522770,28182160,833682871,6669462968
148,149,148.0,149.0,2,2061574,16492592,835744445,6685955560
149,150,149.0,150.0,4,3923040,31384320,839667485,6717339880
150,151,150.0,151.0,7,5825786,46606288,845493271,6763946168
151,152,151.0,152.0,9,8331971,66655768,853825242,6830601936
152,153,152.0,153.0,8,6742051,53936408,860567293,6884538344
153,154,153.0,154.0,9,7769859,62158872,868337152,6946697216
154,155,154.0,155.0,8,7284980,58279840,875622132,7004977056
155,156,155.0,156.0,9,8861626,70893008,884483758,7075870064
156,157,156.0,157.0,7,6259071,50072568,890742829,7125942632
157,158,157.0,158.0,7,6925219,55401752,897668048,7181344384
158,159,158.0,159.0,6,5492124,43936992,903160172,7225281376
159,160,159.0,160.0,10,10381763,83054104,913541935,7308335480
160,161,160.0,161.0,12,10285830,82286640,923827765,7390622120
161,162,161.0,162.0,13,12718187,101745496,936545952,7492367616
162,163,162.0,163.0,11,9455976,75647808,946001928,7568015424
163,164,163.0,164.0,12,10168836,81350688,956170764,7649366112
164,165,164.0,165.0,13,12395093,99160744,968565857,7748526856
165,166,165.0,166.0,10,8749819,69998552,977315676,7818525408
166,167,166.0,167.0,16,14777736,118221888,992093412,7936747296
167,168,167.0,168.0,11,10173477,81387816,1002266889,8018135112
168,169,168.0,169.0,12,11018198,88145584,1013285087,8106280696
169,170,169.0,170.0,17,17160795,137286360,1030445882,8243567056
170,171,170.0,171.0,20,19383248,155065984,1049829130,8398633040
171,172,171.0,172.0,20,19034068,152272544,1068863198,8550905584
172,173,172.0,173.0,18,17446694,139573552,1086309892,8690479136
173,174,173.0,174.0,12,11790315,94322520,1098100207,8784801656
174,175,174.0,175.0,14,13465502,107724016,1111565709,8892525672
175,176,175.0,176.0,12,11094548,88756384,1122660257,8981282056
176,177,176.0,177.0,13,12508085,100064680,1135168342,9081346736
177,178,177.0,178.0,9,8538584,68308672,1143706926,9149655408
178,179,178.0,179.0,7,6308304,50466432,1150015230,9200121840
179,180,179.0,180.0,7,6619348,52954784,1156634578,9253076624
180,181,180.0,181.0,7,6252614,50020912,1162887192,9303097536
181,182,181.0,182.0,5,5035392,40283136,1167922584,9343380672
182,183,182.0,183.0,5,5035798,40286384,1172958382,9383667056
183,184,183.0,184.0,2,1483744,11869952,1174442126,9395537008
184,185,184.0,185.0,1,1180919,9447352,1175623045,9404984360
185,186,185.0,186.0,0,0,0,1175623045,9404984360
186,187,186.0,187.0,0,0,0,1175623045,9404984360
187,188,187.0,188.0,0,0,0,1175623045,9404984360
188,189,188.0,189.0,3,2660265,21282120,1178283310,9426266480
189,190,189.0,190.0,1,666159,5329272,1178949469,9431595752
190,191,190.0,191.0,6,5192350,41538800,1184141819,9473134552
191,192,191.0,192.0,6,5167180,41337440,1189308999,9514471992
192,193,192.0,193.0,5,4528770,36230160,1193837769,9550702152
193,194,193.0,194.0,5,4621527,36972216,1198459296,9587674368
194,195,194.0,195.0,8,7731635,61853080,1206190931,9649527448
195,196,195.0,196.0,9,8655252,69242016,1214846183,9718769464
196,197,196.0,197.0,10,10812923,86503384,1225659106,9805272848
197,198,197.0,198.0,8,7936042,63488336,1233595148,9868761184
198,199,198.0,199.0,14,12033662,96269296,1245628810,9965030480
199,200,199.0,200.0,16,15553074,124424592,1261181884,10089455072
200,201,200.0,201.0,14,14055262,112442096,1275237146,10201897168
201,202,201.0,202.0,16,16239495,129915960,1291476641,10331813128
202,203,202.0,203.0,16,14998474,119987792,1306475115,10451800920
203,204,203.0,204.0,17,16425559,131404472,1322900674,10583205392
204,205,204.0,205.0,12,10618740,84949920,1333519414,10668155312
205,206,205.0,206.0,16,14982819,119862552,1348502233,10788017864
206,207,206.0,207.0,16,14341347,114730776,1362843580,10902748640
207,208,207.0,208.0,16,15178066,121424528,1378021646,11024173168
208,209,208.0,209.0,18,18537839,148302712,1396559485,11172475880
209,210,209.0,210.0,15,14227973,113823784,1410787458,11286299664
210,211,210.0,211.0,17,16321197,130569576,1427108655,11416869240
211,212,211.0,212.0,13,11128356,89026848,1438237011,11505896088
212,213,212.0,213.0,16,15577717,124621736,1453814728,11630517824
213,214,213.0,214.0,13,12640244,101121952,1466454972,11731639776
214,215,214.0,215.0,8,6927454,55419632,1473382426,11787059408
215,216,215.0,216.0,8,6995254,55962032,1480377680,11843021440
216,217,216.0,217.0,10,8869058,70952464,1489246738,11913973904
217,218,217.0,218.0,8,7811556,62492448,1497058294,11976466352
218,219,218.0,219.0,10,9577954,76623632,1506636248,12053089984
219,220,219.0,220.0,5,4333370,34666960,1510969618,12087756944
220,221,220.0,221.0,6,6246929,49975432,1517216547,12137732376
221,222,221.0,222.0,4,3824048,30592384,1521040595,12168324760
222,223,222.0,223.0,3,2894267,23154136,1523934862,12191478896
223,224,223.0,224.0,3,3287475,26299800,1527222337,12217778696
224,225,224.0,225.0,1,849419,6795352,1528071756,12224574048
225,226,225.0,226.0,1,749490,5995920,1528821246,12230569968
226,227,226.0,227.0,2,2129495,17035960,1530950741,12247605928
227,228,227.0,228.0,1,1236784,9894272,1532187525,12257500200
228,229,228.0,229.0,2,2261939,18095512,1534449464,12275595712
229,230,229.0,230.0,3,2222588,17780704,1536672052,12293376416
230,231,230.0,231.0,6,5589641,44717128,1542261693,12338093544
231,232,231.0,232.0,4,4390668,35125344,1546652361,12373218888
232,233,232.0,233.0,5,4420170,35361360,1551072531,12408580248
233,234,233.0,234.0,6,5990619,47924952,1557063150,12456505200
234,235,234.0,235.0,5,5245919,41967352,1562309069,12498472552
235,236,235.0,236.0,8,7242676,57941408,1569551745,12556413960
236,237,236.0,237.0,12,11564067,92512536,1581115812,12648926496
237,238,237.0,238.0,9,8631439,69051512,1589747251,12717978008
238,239,238.0,239.0,11,10471668,83773344,1600218919,12801751352
239,240,239.0,240.0,11,10817920,86543360,1611036839,12888294712
240,241,240.0,241.0,12,10744254,85954032,1621781093,12974248744
241,242,241.0,242.0,15,13072765,104582120,1634853858,13078830864
242,243,242.0,243.0,15,14404083,115232664,1649257941,13194063528
243,244,243.0,244.0,12,11057049,88456392,1660314990,13282519920
244,245,244.0,245.0,11,11715627,93725016,1672030617,13376244936
245,246,245.0,246.0,16,14235200,113881600,1686265817,13490126536
246,247,246.0,247.0,13,10994301,87954408,1697260118,13578080944
247,248,247.0,248.0,16,16574378,132595024,1713834496,13710675968
248,249,248.0,249.0,16,16693312,133546496,1730527808,13844222464
249,250,249.0,250.0,13,11726748,93813984,1742254556,13938036448
250,251,250.0,251.0,14,14285811,114286488,1756540367,14052322936
251,252,251.0,252.0,9,9302357,74418856,1765842724,14126741792
252,253,252.0,253.0,12,11095594,88764752,1776938318,14215506544
253,254,253.0,254.0,9,8096655,64773240,1785034973,14280279784
254,255,254.0,255.0,8,7396843,59174744,1792431816,14339454528
255,256,255.0,256.0,9,8435923,67487384,1800867739,14406941912
256,257,256.0,257.0,10,9381351,75050808,1810249090,14481992720
257,258,257.0,258.0,9,8373499,66987992,1818622589,14548980712
258,259,258.0,259.0,8,8307067,66456536,1826929656,14615437248
259,260,259.0,260.0,5,4936273,39490184,1831865929,14654927432
260,261,260.0,261.0,6,5299151,42393208,1837165080,14697320640
261,262,261.0,262.0,2,1659331,13274648,1838824411,14710595288
262,263,262.0,263.0,3,2593983,20751864,1841418394,14731347152
263,264,263.0,264.0,6,5612099,44896792,1847030493,14776243944
264,265,264.0,265.0,3,2973829,23790632,1850004322,14800034576
265,266,265.0,266.0,5,5130040,41040320,1855134362,14841074896
266,267,266.0,267.0,4,2889476,23115808,1858023838,14864190704
267,268,267.0,268.0,3,3354248,26833984,1861378086,14891024688
268,269,268.0,269.0,6,6072281,48578248,1867450367,14939602936
269,270,269.0,270.0,3,2219539,17756312,1869669906,14957359248
270,271,270.0,271.0,2,1592743,12741944,1871262649,14970101192
271,272,271.0,272.0,1,670676,5365408,1871933325,14975466600
272,273,272.0,273.0,3,2956917,23655336,1874890242,14999121936
273,274,273.0,274.0,4,3247379,25979032,1878137621,15025100968
274,275,274.0,275.0,5,4557760,36462080,1882695381,15061563048
275,276,275.0,276.0,6,5643615,45148920,1888338996,15106711968
276,277,276.0,277.0,5,4374608,34996864,1892713604,15141708832
277,278,277.0,278.0,9,8685180,69481440,1901398784,15211190272
278,279,278.0,279.0,6,5875057,47000456,1907273841,15258190728
279,280,279.0,280.0,7,6002940,48023520,1913276781,15306214248
280,281,280.0,281.0,8,6982326,55858608,1920259107,15362072856
281,282,281.0,282.0,7,6930510,55444080,1927189617,15417516936
282,283,282.0,283.0,13,12981408,103851264,1940171025,15521368200
283,284,283.0,284.0,15,13321294,106570352,1953492319,15627938552
284,285,284.0,285.0,11,9891171,79129368,1963383490,15707067920
285,286,285.0,286.0,16,13927218,111417744,1977310708,15818485664
286,287,286.0,287.0,17,16142679,129141432,1993453387,15947627096
287,288,287.0,288.0,11,10584820,84678560,2004038207,16032305656
288,289,288.0,289.0,16,15493088,123944704,2019531295,16156250360
289,290,289.0,290.0,11,10359291,82874328,2029890586,16239124688
290,291,290.0,291.0,13,10505078,84040624,2040395664,16323165312
291,292,291.0,292.0,12,12350368,98802944,2052746032,16421968256
292,293,292.0,293.0,10,8692695,69541560,2061438727,16491509816
293,294,293.0,294.0,12,10341524,82732192,2071780251,16574242008
294,295,294.0,295.0,13,11042159,88337272,2082822410,16662579280
295,296,295.0,296.0,11,10636541,85092328,2093458951,16747671608
296,297,296.0,297.0,9,8025093,64200744,2101484044,16811872352
297,298,297.0,298.0,7,6369757,50958056,2107853801,16862830408
298,299,298.0,299.0,6,4707699,37661592,2112561500,16900492000
299,300,299.0,300.0,5,3867432,30939456,2116428932,16931431456
300,301,300.0,301.0,3,3213952,25711616,2119642884,16957143072
301,302,301.0,302.0,3,2628256,21026048,2122271140,16978169120
302,303,302.0,303.0,3,2254671,18037368,2124525811,16996206488
303,304,303.0,304.0,4,3076363,24610904,2127602174,17020817392
304,305,304.0,305.0,6,4890941,39127528,2132493115,17059944920
305,306,305.0,306.0,5,4091492,32731936,2136584607,17092676856
306,307,306.0,307.0,4,3700292,29602336,2140284899,17122279192
307,308,307.0,308.0,5,4913050,39304400,2145197949,17161583592
308,309,308.0,309.0,6,5866725,46933800,2151064674,17208517392
309,310,309.0,310.0,9,8453080,67624640,2159517754,17276142032
310,311,310.0,311.0,12,11319302,90554416,2170837056,17366696448
311,312,311.0,312.0,13,10668437,85347496,2181505493,17452043944
312,313,312.0,313.0,12,11158265,89266120,2192663758,17541310064
313,314,313.0,314.0,12,11268584,90148672,2203932342,17631458736
314,315,314.0,315.0,14,12471687,99773496,2216404029,17731232232
315,316,315.0,316.0,15,13848693,110789544,2230252722,17842021776
316,317,316.0,317.0,15,14607527,116860216,2244860249,17958881992
317,318,317.0,318.0,15,12892112,103136896,2257752361,18062018888
318,319,318.0,319.0,12,11653861,93230888,2269406222,18155249776
319,320,319.0,320.0,15,13136275,105090200,2282542497,18260339976
320,321,320.0,321.0,13,12857073,102856584,2295399570,18363196560
321,322,321.0,322.0,17,15456632,123653056,2310856202,18486849616
322,323,322.0,323.0,16,14952745,119621960,2325808947,18606471576
323,324,323.0,324.0,12,11325470,90603760,2337134417,18697075336
324,325,324.0,325.0,13,12308649,98469192,2349443066,18795544528
325,326,325.0,326.0,11,9722801,77782408,2359165867,18873326936
326,327,326.0,327.0,10,9248848,73990784,2368414715,18947317720
327,328,327.0,328.0,15,14684985,117479880,2383099700,19064797600
328,329,328.0,329.0,10,8607039,68856312,2391706739,19133653912
329,330,329.0,330.0,15,13781780,110254240,2405488519,19243908152
330,331,330.0,331.0,13,12328828,98630624,2417817347,19342538776
331,332,331.0,332.0,15,13391521,107132168,2431208868,19449670944
332,333,332.0,333.0,12,11710710,93685680,2442919578,19543356624
333,334,333.0,334.0,8,7050392,56403136,2449969970,19599759760
334,335,334.0,335.0,13,12079560,96636480,2462049530,19696396240
335,336,335.0,336.0,7,7819443,62555544,2469868973,19758951784
336,337,336.0,337.0,9,7499804,59998432,2477368777,19818950216
337,338,337.0,338.0,5,5420342,43362736,2482789119,19862312952
338,339,338.0,339.0,6,5607973,44863784,2488397092,19907176736
339,340,339.0,340.0,5,5142780,41142240,2493539872,19948318976
340,341,340.0,341.0,4,3857298,30858384,2497397170,19979177360
341,342,341.0,342.0,3,3199300,25594400,2500596470,20004771760
342,343,342.0,343.0,2,1801789,14414312,2502398259,20019186072
343,344,343.0,344.0,1,849284,6794272,2503247543,20025980344
344,345,344.0,345.0,2,2174765,17398120,2505422308,20043378464
345,346,345.0,346.0,3,2833010,22664080,2508255318,20066042544
346,347,346.0,347.0,2,1807975,14463800,2510063293,20080506344
347,348,347.0,348.0,5,4954564,39636512,2515017857,20120142856
348,349,348.0,349.0,6,6295837,50366696,2521313694,20170509552
349,350,349.0,350.0,10,9529068,76232544,2530842762,20246742096
350,351,350.0,351.0,8,7167167,57337336,2538009929,20304079432
351,352,351.0,352.0,8,7748617,61988936,2545758546,20366068368
352,353,352.0,353.0,11,10264246,82113968,2556022792,20448182336
353,354,353.0,354.0,10,8828687,70629496,2564851479,20518811832
354,355,354.0,355.0,20,18726194,149809552,2583577673,20668621384
355,356,355.0,356.0,16,15015315,120122520,2598592988,20788743904
356,357,356.0,357.0,18,16544838,132358704,2615137826,20921102608
357,358,357.0,358.0,15,14295094,114360752,2629432920,21035463360
358,359,358.0,359.0,16,14061452,112491616,2643494372,21147954976
359,360,359.0,360.0,16,14348748,114789984,2657843120,21262744960
360,361,360.0,361.0,21,19629076,157032608,2677472196,21419777568
361,362,361.0,362.0,16,15331660,122653280,2692803856,21542430848
362,363,362.0,363.0,16,14772616,118180928,2707576472,21660611776
363,364,363.0,364.0,16,14427990,115423920,2722004462,21776035696
364,365,364.0,365.0,13,11922249,95377992,2733926711,21871413688
365,366,365.0,366.0,17,15806657,126453256,2749733368,21997866944
366,367,366.0,367.0,13,11628328,93026624,2761361696,22090893568
367,368,367.0,368.0,14,13364071,106912568,2774725767,22197806136
368,369,368.0,369.0,10,9139846,73118768,2783865613,22270924904
369,370,369.0,370.0,9,9118909,72951272,2792984522,22343876176
370,371,370.0,371.0,7,6988272,55906176,2799972794,22399782352
371,372,371.0,372.0,10,8724250,69794000,2808697044,22469576352
372,373,372.0,373.0,7,6990671,55925368,2815687715,22525501720
373,374,373.0,374.0,6,5875529,47004232,2821563244,22572505952
374,375,374.0,375.0,5,4392372,35138976,2825955616,22607644928
375,376,375.0,376.0,4,3926134,31409072,2829881750,22639054000
376,377,376.0,377.0,3,2764805,22118440,2832646555,22661172440
377,378,377.0,378.0,3,2813577,22508616,2835460132,22683681056
378,379,378.0,379.0,2,1752008,14016064,2837212140,22697697120
379,380,379.0,380.0,2,1920507,15364056,2839132647,22713061176
380,381,380.0,381.0,0,0,0,2839132647,22713061176
381,382,381.0,382.0,0,0,0,2839132647,22713061176
382,383,382.0,383.0,0,0,0,2839132647,22713061176
383,384,383.0,384.0,0,0,0,2839132647,22713061176
384,385,384.0,385.0,0,0,0,2839132647,22713061176
385,386,385.0,386.0,2,2170937,17367496,2841303584,22730428672
386,387,386.0,387.0,3,2887427,23099416,2844191011,22753528088
387,388,387.0,388.0,3,3398644,27189152,2847589655,22780717240
388,389,388.0,389.0,5,5344159,42753272,2852933814,22823470512
389,390,389.0,390.0,10,9334278,74674224,2862268092,22898144736
390,391,390.0,391.0,6,5659333,45274664,2867927425,22943419400
391,392,391.0,392.0,8,6813161,54505288,2874740586,22997924688
392,393,392.0,393.0,10,10319240,82553920,2885059826,23080478608
393,394,393.0,394.0,14,14461131,115689048,2899520957,23196167656
394,395,394.0,395.0,13,12836445,102691560,2912357402,23298859216
395,396,395.0,396.0,17,16007158,128057264,2928364560,23426916480
396,397,396.0,397.0,13,11315742,90525936,2939680302,23517442416
397,398,397.0,398.0,19,19289647,154317176,2958969949,23671759592
398,399,398.0,399.0,15,13924524,111396192,2972894473,23783155784
399,400,399.0,400.0,17,15192929,121543432,2988087402,23904699216
400,401,400.0,401.0,18,15593837,124750696,3003681239,24029449912
401,402,401.0,402.0,18,15876694,127013552,3019557933,24156463464
402,403,402.0,403.0,18,18477102,147816816,3038035035,24304280280
403,404,403.0,404.0,15,13738104,109904832,3051773139,24414185112
404,405,404.0,405.0,15,14154323,113234584,3065927462,24527419696
405,406,405.0,406.0,13,11959600,95676800,3077887062,24623096496
406,407,406.0,407.0,16,14688553,117508424,3092575615,24740604920
407,408,407.0,408.0,11,11311020,90488160,3103886635,24831093080
408,409,408.0,409.0,10,9411206,75289648,3113297841,24906382728
409,410,409.0,410.0,12,11560583,92484664,3124858424,24998867392
410,411,410.0,411.0,12,10935245,87481960,3135793669,25086349352
411,412,411.0,412.0,7,6370301,50962408,3142163970,25137311760
412,413,412.0,413.0,8,7991168,63929344,3150155138,25201241104
413,414,413.0,414.0,8,7312797,58502376,3157467935,25259743480
414,415,414.0,415.0,7,6214251,49714008,3163682186,25309457488
415,416,415.0,416.0,3,2300847,18406776,3165983033,25327864264
416,417,416.0,417.0,3,2174044,17392352,3168157077,25345256616
417,418,417.0,418.0,3,2694322,21554576,3170851399,25366811192
418,419,418.0,419.0,2,2236387,17891096,3173087786,25384702288
419,420,419.0,420.0,3,2775090,22200720,3175862876,25406903008
420,421,420.0,421.0,1,982877,7863016,3176845753,25414766024
421,422,421.0,422.0,1,1014510,8116080,3177860263,25422882104
422,423,422.0,423.0,1,1014158,8113264,3178874421,25430995368
423,424,423.0,424.0,0,0,0,3178874421,25430995368
424,425,424.0,425.0,0,0,0,3178874421,25430995368
425,426,425.0,426.0,2,2113138,16905104,3180987559,25447900472
426,427,426.0,427.0,4,3634441,29075528,3184622000,25476976000
427,428,427.0,428.0,7,6777639,54221112,3191399639,25531197112
428,429,428.0,429.0,10,9110752,72886016,3200510391,25604083128
429,430,429.0,430.0,7,5887209,47097672,3206397600,25651180800
430,431,430.0,431.0,11,10328197,82625576,3216725797,25733806376
431,432,431.0,432.0,9,8909453,71275624,3225635250,25805082000
432,433,432.0,433.0,15,14096974,112775792,3239732224,25917857792
433,434,433.0,434.0,15,14086628,112693024,3253818852,26030550816
434,435,434.0,435.0,15,13541745,108333960,3267360597,26138884776
435,436,435.0,436.0,18,17483199,139865592,3284843796,26278750368
436,437,436.0,437.0,17,16765255,134122040,3301609051,26412872408
437,438,437.0,438.0,14,11878842,95030736,3313487893,26507903144
438,439,438.0,439.0,19,18219255,145754040,3331707148,26653657184
439,440,439.0,440.0,20,17564374,140514992,3349271522,26794172176
440,441,440.0,441.0,19,17296406,138371248,3366567928,26932543424
441,442,441.0,442.0,20,19393011,155144088,3385960939,27087687512
442,443,442.0,443.0,18,17393861,139150888,3403354800,27226838400
443,444,443.0,444.0,16,14607870,116862960,3417962670,27343701360
444,445,444.0,445.0,14,13017466,104139728,3430980136,27447841088
445,446,445.0,446.0,18,17199593,137596744,3448179729,27585437832
446,447,446.0,447.0,15,14422051,115376408,3462601780,27700814240
447,448,447.0,448.0,12,11466312,91730496,3474068092,27792544736
448,449,448.0,449.0,13,12238961,97911688,3486307053,27890456424
449,450,449.0,450.0,10,8918340,71346720,3495225393,27961803144
450,451,450.0,451.0,14,13192098,105536784,3508417491,28067339928
451,452,451.0,452.0,11,11044850,88358800,3519462341,28155698728
452,453,452.0,453.0,10,8505770,68046160,3527968111,28223744888
453,454,453.0,454.0,7,6624135,52993080,3534592246,28276737968
454,455,454.0,455.0,4,4275927,34207416,3538868173,28310945384
455,456,455.0,456.0,3,2756988,22055904,3541625161,28333001288
456,457,456.0,457.0,4,3957175,31657400,3545582336,28364658688
457,458,457.0,458.0,2,1677195,13417560,3547259531,28378076248
458,459,458.0,459.0,3,2847577,22780616,3550107108,28400856864
459,460,459.0,460.0,1,888059,7104472,3550995167,28407961336
460,461,460.0,461.0,2,2024573,16196584,3553019740,28424157920
461,462,461.0,462.0,1,798858,6390864,3553818598,28430548784
462,463,462.0,463.0,2,2248920,17991360,3556067518,28448540144
463,464,463.0,464.0,2,2029255,16234040,3558096773,28464774184
464,465,464.0,465.0,7,6477999,51823992,3564574772,28516598176
465,466,465.0,466.0,5,3979200,31833600,3568553972,28548431776
466,467,466.0,467.0,6,5220509,41764072,3573774481,28590195848
467,468,467.0,468.0,7,6118873,48950984,3579893354,28639146832
468,469,468.0,469.0,13,12761793,102094344,3592655147,28741241176
469,470,469.0,470.0,12,11540368,92322944,3604195515,28833564120
470,471,470.0,471.0,15,15477638,123821104,3619673153,28957385224
471,472,471.0,472.0,22,20765417,166123336,3640438570,29123508560
472,473,472.0,473.0,20,19802495,158419960,3660241065,29281928520
473,474,473.0,474.0,22,20824320,166594560,3681065385,29448523080
474,475,474.0,475.0,23,22649586,181196688,3703714971,29629719768
475,476,475.0,476.0,26,25264231,202113848,3728979202,29831833616
476,477,476.0,477.0,23,23108484,184867872,3752087686,30016701488
477,478,477.0,478.0,21,18423946,147391568,3770511632,30164093056
478,479,478.0,479.0,20,19396330,155170640,3789907962,30319263696
479,480,479.0,480.0,20,20236965,161895720,3810144927,30481159416
480,481,480.0,481.0,24,20939274,167514192,3831084201,30648673608
481,482,481.0,482.0,19,18405453,147243624,3849489654,30795917232
482,483,482.0,483.0,17,15199357,121594856,3864689011,30917512088
483,484,483.0,484.0,16,14380193,115041544,3879069204,31032553632
484,485,484.0,485.0,13,11865000,94920000,3890934204,31127473632
485,486,485.0,486.0,9,8209297,65674376,3899143501,31193148008
486,487,486.0,487.0,9,7924607,63396856,3907068108,31256544864
487,488,487.0,488.0,6,4999294,39994352,3912067402,31296539216
488,489,488.0,489.0,4,4036928,32295424,3916104330,31328834640
489,490,489.0,490.0,5,5050439,40403512,3921154769,31369238152
490,491,490.0,491.0,3,2587466,20699728,3923742235,31389937880
491,492,491.0,492.0,6,5618135,44945080,3929360370,31434882960
492,493,492.0,493.0,3,2916851,23334808,3932277221,31458217768
493,494,493.0,494.0,8,7674949,61399592,3939952170,31519617360
494,495,494.0,495.0,8,7340309,58722472,3947292479,31578339832
495,496,495.0,496.0,5,4821622,38572976,3952114101,31616912808
496,497,496.0,497.0,7,6595679,52765432,3958709780,31669678240
497,498,497.0,498.0,8,7479476,59835808,3966189256,31729514048
498,499,498.0,499.0,15,14208117,113664936,3980397373,31843178984
499,500,499.0,500.0,13,11273582,90188656,3991670955,31933367640
500,501,500.0,501.0,10,9134710,73077680,4000805665,32006445320
501,502,501.0,502.0,11,11082539,88660312,4011888204,32095105632
502,503,502.0,503.0,11,10431871,83454968,4022320075,32178560600
503,504,503.0,504.0,10,9245029,73960232,4031565104,32252520832
504,505,504.0,505.0,14,12691726,101533808,4044256830,32354054640
505,506,505.0,506.0,10,9082651,72661208,4053339481,32426715848
506,507,506.0,507.0,14,12553806,100430448,4065893287,32527146296
507,508,507.0,508.0,9,8815660,70525280,4074708947,32597671576
508,509,508.0,509.0,16,15671381,125371048,4090380328,32723042624
509,510,509.0,510.0,19,18755797,150046376,4109136125,32873089000
510,511,510.0,511.0,19,17634206,141073648,4126770331,33014162648
511,512,511.0,512.0,16,15078068,120624544,4141848399,33134787192
512,513,512.0,513.0,14,12069079,96552632,4153917478,33231339824
513,514,513.0,514.0,15,13612377,108899016,4167529855,33340238840
514,515,514.0,515.0,15,15121616,120972928,4182651471,33461211768
515,516,515.0,516.0,14,13093383,104747064,4195744854,33565958832
516,517,516.0,517.0,18,18025067,144200536,4213769921,33710159368
517,518,517.0,518.0,13,11896691,95173528,4225666612,33805332896
518,519,518.0,519.0,16,15251557,122012456,4240918169,33927345352
519,520,519.0,520.0,13,12111714,96893712,4253029883,34024239064
520,521,520.0,521.0,12,11820323,94562584,4264850206,34118801648
521,522,521.0,522.0,14,13234933,105879464,4278085139,34224681112
522,523,522.0,523.0,7,6905624,55244992,4284990763,34279926104
523,524,523.0,524.0,4,4130513,33044104,4289121276,34312970208
524,525,524.0,525.0,4,3881213,31049704,4293002489,34344019912
525,526,525.0,526.0,2,1515431,12123448,4294517920,34356143360
526,527,526.0,527.0,3,2647320,21178560,4297165240,34377321920
527,528,527.0,528.0,3,3519365,28154920,4300684605,34405476840
528,529,528.0,529.0,2,1691631,13533048,4302376236,34419009888
529,530,529.0,530.0,1,837466,6699728,4303213702,34425709616
530,531,530.0,531.0,3,3014847,24118776,4306228549,34449828392
531,532,531.0,532.0,3,2764937,22119496,4308993486,34471947888
532,533,532.0,533.0,7,6508864,52070912,4315502350,34524018800
533,534,533.0,534.0,6,5516805,44134440,4321019155,34568153240
534,535,534.0,535.0,9,8580469,68643752,4329599624,34636796992
535,536,535.0,536.0,15,14483072,115864576,4344082696,34752661568
536,537,536.0,537.0,12,11519173,92153384,4355601869,34844814952
537,538,537.0,538.0,13,12354658,98837264,4367956527,34943652216
538,539,538.0,539.0,14,14014129,112113032,4381970656,35055765248
539,540,539.0,540.0,15,14559540,116476320,4396530196,35172241568
540,541,540.0,541.0,15,13851063,110808504,4410381259,35283050072
541,542,541.0,542.0,14,12632421,101059368,4423013680,35384109440
542,543,542.0,543.0,12,11180427,89443416,4434194107,35473552856
543,544,543.0,544.0,16,15045350,120362800,4449239457,35593915656
544,545,544.0,545.0,14,13547333,108378664,4462786790,35702294320
545,546,545.0,546.0,16,14544325,116354600,4477331115,35818648920
546,547,546.0,547.0,14,13138602,105108816,4490469717,35923757736
547,548,547.0,548.0,14,13067605,104540840,4503537322,36028298576
548,549,548.0,549.0,10,9695671,77565368,4513232993,36105863944
549,550,549.0,550.0,10,10303751,82430008,4523536744,36188293952
550,551,550.0,551.0,11,10952933,87623464,4534489677,36275917416
551,552,551.0,552.0,6,5884867,47078936,4540374544,36322996352
552,553,552.0,553.0,9,8284027,66272216,4548658571,36389268568
553,554,553.0,554.0,8,8045705,64365640,4556704276,36453634208
554,555,554.0,555.0,10,9260749,74085992,4565965025,36527720200
555,556,555.0,556.0,12,10662138,85297104,4576627163,36613017304
556,557,556.0,557.0,13,12880039,103040312,4589507202,36716057616
557,558,557.0,558.0,11,9423628,75389024,4598930830,36791446640
558,559,558.0,559.0,13,12626442,101011536,4611557272,36892458176
559,560,559.0,560.0,8,7873324,62986592,4619430596,36955444768
560,561,560.0,561.0,11,9618774,76950192,4629049370,37032394960
561,562,561.0,562.0,11,10339836,82718688,4639389206,37115113648
562,563,562.0,563.0,8,7460608,59684864,4646849814,37174798512
563,564,563.0,564.0,12,11828496,94627968,4658678310,37269426480
564,565,564.0,565.0,15,13005449,104043592,4671683759,37373470072
565,566,565.0,566.0,12,12178500,97428000,4683862259,37470898072
566,567,566.0,567.0,14,12536714,100293712,4696398973,37571191784
567,568,567.0,568.0,17,15544285,124354280,4711943258,37695546064
568,569,568.0,569.0,12,11018094,88144752,4722961352,37783690816
569,570,569.0,570.0,16,14438046,115504368,4737399398,37899195184
570,571,570.0,571.0,13,12629638,101037104,4750029036,38000232288
571,572,571.0,572.0,15,12604300,100834400,4762633336,38101066688
572,573,572.0,573.0,13,13206072,105648576,4775839408,38206715264
573,574,573.0,574.0,13,12184224,97473792,4788023632,38304189056
574,575,574.0,575.0,19,18596498,148771984,4806620130,38452961040
575,576,575.0,576.0,13,12160520,97284160,4818780650,38550245200
576,577,576.0,577.0,16,14907906,119263248,4833688556,38669508448
577,578,577.0,578.0,10,8699956,69599648,4842388512,38739108096
578,579,578.0,579.0,9,8909616,71276928,4851298128,38810385024
579,580,579.0,580.0,9,7926468,63411744,4859224596,38873796768
580,581,580.0,581.0,10,9429372,75434976,4868653968,38949231744
581,582,581.0,582.0,5,3939684,31517472,4872593652,38980749216
582,583,582.0,583.0,7,7267285,58138280,4879860937,39038887496
583,584,583.0,584.0,9,7792801,62342408,4887653738,39101229904
584,585,584.0,585.0,4,3538954,28311632,4891192692,39129541536
585,586,585.0,586.0,5,5166499,41331992,4896359191,39170873528
586,587,586.0,587.0,5,3872644,30981152,4900231835,39201854680
587,588,587.0,588.0,7,6264999,50119992,4906496834,39251974672
588,589,588.0,589.0,6,4735260,37882080,4911232094,39289856752
589,590,589.0,590.0,5,5044474,40355792,4916276568,39330212544
590,591,590.0,591.0,5,4924421,39395368,4921200989,39369607912
591,592,591.0,592.0,9,8200281,65602248,4929401270,39435210160
592,593,592.0,593.0,7,6775426,54203408,4936176696,39489413568
593,594,593.0,594.0,8,8176518,65412144,4944353214,39554825712
594,595,594.0,595.0,10,10602203,84817624,4954955417,39639643336
595,596,595.0,596.0,10,9057844,72462752,4964013261,39712106088
596,597,596.0,597.0,10,9102495,72819960,4973115756,39784926048
597,598,597.0,598.0,10,9440883,75527064,4982556639,39860453112
598,599,598.0,599.0,10,8567242,68537936,4991123881,39928991048
599,600,599.0,600.0,12,10743783,85950264,5001867664,40014941312
600,601,600.0,601.0,11,10686654,85493232,5012554318,40100434544
601,602,601.0,602.0,12,12462477,99699816,5025016795,40200134360
602,603,602.0,603.0,14,13288153,106305224,5038304948,40306439584
603,604,603.0,604.0,15,14410058,115280464,5052715006,40421720048
604,605,604.0,605.0,13,12693873,101550984,5065408879,40523271032
605,606,605.0,606.0,17,15851578,126812624,5081260457,40650083656
606,607,606.0,607.0,12,11638256,93106048,5092898713,40743189704
607,608,607.0,608.0,16,14832769,118662152,5107731482,40861851856
608,609,608.0,609.0,16,15103191,120825528,5122834673,40982677384
609,610,609.0,610.0,14,12550635,100405080,5135385308,41083082464
610,611,610.0,611.0,20,16742035,133936280,5152127343,41217018744
611,612,611.0,612.0,19,18467278,147738224,5170594621,41364756968
612,613,612.0,613.0,17,17205365,137642920,5187799986,41502399888
613,614,613.0,614.0,18,18038176,144305408,5205838162,41646705296
614,615,614.0,615.0,15,14303423,114427384,5220141585,41761132680
615,616,615.0,616.0,13,12793391,102347128,5232934976,41863479808
616,617,616.0,617.0,10,9313743,74509944,5242248719,41937989752
617,618,617.0,618.0,9,9002234,72017872,5251250953,42010007624
618,619,618.0,619.0,11,9640288,77122304,5260891241,42087129928
619,620,619.0,620.0,7,6463806,51710448,5267355047,42138840376
620,621,620.0,621.0,7,6239548,49916384,5273594595,42188756760
621,622,621.0,622.0,6,5477088,43816704,5279071683,42232573464
622,623,622.0,623.0,6,5416942,43335536,5284488625,42275909000
623,624,623.0,624.0,2,1710129,13681032,5286198754,42289590032
624,625,624.0,625.0,2,1648902,13191216,5287847656,42302781248
625,626,625.0,626.0,2,1764759,14118072,5289612415,42316899320
626,627,626.0,627.0,3,3134232,25073856,5292746647,42341973176
627,628,627.0,628.0,5,4961437,39691496,5297708084,42381664672
628,629,628.0,629.0,6,5204250,41634000,5302912334,42423298672
629,630,629.0,630.0,7,6291000,50328000,5309203334,42473626672
630,631,630.0,631.0,9,8737771,69902168,5317941105,42543528840
631,632,631.0,632.0,13,13086719,104693752,5331027824,42648222592
632,633,632.0,633.0,18,17090082,136720656,5348117906,42784943248
633,634,633.0,634.0,11,11408354,91266832,5359526260,42876210080
634,635,634.0,635.0,19,16269420,130155360,5375795680,43006365440
635,636,635.0,636.0,14,13737636,109901088,5389533316,43116266528
636,637,636.0,637.0,19,20427654,163421232,5409960970,43279687760
637,638,637.0,638.0,23,22484529,179876232,5432445499,43459563992
638,639,638.0,639.0,17,15937511,127500088,5448383010,43587064080
639,640,639.0,640.0,24,22752302,182018416,5471135312,43769082496
640,641,640.0,641.0,19,16883610,135068880,5488018922,43904151376
641,642,641.0,642.0,20,19012346,152098768,5507031268,44056250144
642,643,642.0,643.0,20,18146418,145171344,5525177686,44201421488
643,644,643.0,644.0,18,16699310,133594480,5541876996,44335015968
644,645,644.0,645.0,17,15574225,124593800,5557451221,44459609768
645,646,645.0,646.0,12,10904728,87237824,5568355949,44546847592
646,647,646.0,647.0,9,7976116,63808928,5576332065,44610656520
647,648,647.0,648.0,13,11926180,95409440,5588258245,44706065960
648,649,648.0,649.0,9,7898318,63186544,5596156563,44769252504
649,650,649.0,650.0,13,12485942,99887536,5608642505,44869140040
650,651,650.0,651.0,8,8236032,65888256,5616878537,44935028296
651,652,651.0,652.0,7,7098687,56789496,5623977224,44991817792
652,653,652.0,653.0,10,9072216,72577728,5633049440,45064395520
653,654,653.0,654.0,6,6780694,54245552,5639830134,45118641072
654,655,654.0,655.0,4,3837063,30696504,5643667197,45149337576
655,656,655.0,656.0,3,2604941,20839528,5646272138,45170177104
656,657,656.0,657.0,4,4023783,32190264,5650295921,45202367368
657,658,657.0,658.0,3,2491973,19935784,5652787894,45222303152
658,659,658.0,659.0,3,2578404,20627232,5655366298,45242930384
659,660,659.0,660.0,3,2815187,22521496,5658181485,45265451880
660,661,660.0,661.0,2,1561531,12492248,5659743016,45277944128
661,662,661.0,662.0,2,2135453,17083624,5661878469,45295027752
662,663,662.0,663.0,5,4546591,36372728,5666425060,45331400480
663,664,663.0,664.0,5,4749614,37996912,5671174674,45369397392
664,665,664.0,665.0,5,4169990,33359920,5675344664,45402757312
665,666,665.0,666.0,3,3093495,24747960,5678438159,45427505272
666,667,666.0,667.0,5,4724378,37795024,5683162537,45465300296
667,668,667.0,668.0,6,4964850,39718800,5688127387,45505019096
668,669,668.0,669.0,10,8683318,69466544,5696810705,45574485640
669,670,669.0,670.0,10,9805809,78446472,5706616514,45652932112
670,671,670.0,671.0,13,11452930,91623440,5718069444,45744555552
671,672,671.0,672.0,15,14325801,114606408,5732395245,45859161960
672,673,672.0,673.0,20,19791072,158328576,5752186317,46017490536
673,674,673.0,674.0,18,16147554,129180432,5768333871,46146670968
674,675,674.0,675.0,20,18718079,149744632,5787051950,46296415600
675,676,675.0,676.0,18,15807939,126463512,5802859889,46422879112
676,677,676.0,677.0,20,17249171,137993368,5820109060,46560872480
677,678,677.0,678.0,19,17936230,143489840,5838045290,46704362320
678,679,678.0,679.0,16,15955724,127645792,5854001014,46832008112
679,680,679.0,680.0,25,23426925,187415400,5877427939,47019423512
680,681,680.0,681.0,23,21900296,175202368,5899328235,47194625880
681,682,681.0,682.0,20,19409582,155276656,5918737817,47349902536
682,683,682.0,683.0,19,19536585,156292680,5938274402,47506195216
683,684,683.0,684.0,16,14642233,117137864,5952916635,47623333080
684,685,684.0,685.0,12,11783235,94265880,5964699870,47717598960
685,686,685.0,686.0,14,14155139,113241112,5978855009,47830840072
686,687,686.0,687.0,7,6690923,53527384,5985545932,47884367456
687,688,687.0,688.0,10,9208021,73664168,5994753953,47958031624
688,689,688.0,689.0,11,10417030,83336240,6005170983,48041367864
689,690,689.0,690.0,8,7061790,56494320,6012232773,48097862184
690,691,690.0,691.0,7,7268187,58145496,6019500960,48156007680
691,692,691.0,692.0,7,6669878,53359024,6026170838,48209366704
692,693,692.0,693.0,5,4961111,39688888,6031131949,48249055592
693,694,693.0,694.0,3,2339361,18714888,6033471310,48267770480
694,695,694.0,695.0,2,1785824,14286592,6035257134,48282057072
695,696,695.0,696.0,1,1147427,9179416,6036404561,48291236488
696,697,696.0,697.0,1,775264,6202112,6037179825,48297438600
697,698,697.0,698.0,2,2160881,17287048,6039340706,48314725648
698,699,698.0,699.0,1,761908,6095264,6040102614,48320820912
699,700,699.0,700.0,2,2069354,16554832,6042171968,48337375744
700,701,700.0,701.0,1,685936,5487488,6042857904,48342863232
701,702,701.0,702.0,0,0,0,6042857904,48342863232
702,703,702.0,703.0,3,2704122,21632976,6045562026,48364496208
703,704,703.0,704.0,8,7988331,63906648,6053550357,48428402856
704,705,704.0,705.0,9,9673631,77389048,6063223988,48505791904
705,706,705.0,706.0,8,8051237,64409896,6071275225,48570201800
706,707,706.0,707.0,9,9011122,72088976,6080286347,48642290776
707,708,707.0,708.0,13,11241432,89931456,6091527779,48732222232
708,709,708.0,709.0,10,10302126,82417008,6101829905,48814639240
709,710,709.0,710.0,15,13794628,110357024,6115624533,48924996264
710,711,710.0,711.0,19,17624393,140995144,6133248926,49065991408
711,712,711.0,712.0,17,15737036,125896288,6148985962,49191887696
712,713,712.0,713.0,19,18327454,146619632,6167313416,49338507328
713,714,713.0,714.0,18,16715507,133724056,6184028923,49472231384
714,715,714.0,715.0,20,19324235,154593880,6203353158,49626825264
715,716,715.0,716.0,24,22335417,178683336,6225688575,49805508600
716,717,716.0,717.0,16,14964364,119714912,6240652939,49925223512
717,718,717.0,718.0,20,18801888,150415104,6259454827,50075638616
718,719,718.0,719.0,19,17826064,142608512,6277280891,50218247128
719,720,719.0,720.0,20,18020085,144160680,6295300976,50362407808
720,721,720.0,721.0,14,13180194,105441552,6308481170,50467849360
721,722,721.0,722.0,18,17130458,137043664,6325611628,50604893024
722,723,722.0,723.0,14,12798184,102385472,6338409812,50707278496
723,724,723.0,724.0,12,11343857,90750856,6349753669,50798029352
724,725,724.0,725.0,10,10052406,80419248,6359806075,50878448600
725,726,725.0,726.0,10,9207082,73656656,6369013157,50952105256
726,727,726.0,727.0,10,8945101,71560808,6377958258,51023666064
727,728,727.0,728.0,9,8672189,69377512,6386630447,51093043576
728,729,728.0,729.0,9,8601300,68810400,6395231747,51161853976
729,730,729.0,730.0,4,3876577,31012616,6399108324,51192866592
730,731,730.0,731.0,6,5166408,41331264,6404274732,51234197856
731,732,731.0,732.0,3,2787576,22300608,6407062308,51256498464
732,733,732.0,733.0,4,3614950,28919600,6410677258,51285418064
733,734,733.0,734.0,1,1133268,9066144,6411810526,51294484208
734,735,734.0,735.0,1,1157918,9263344,6412968444,51303747552
735,736,735.0,736.0,4,4191478,33531824,6417159922,51337279376
736,737,736.0,737.0,5,4864241,38913928,6422024163,51376193304
737,738,737.0,738.0,5,4176635,33413080,6426200798,51409606384
738,739,738.0,739.0,5,4782299,38258392,6430983097,51447864776
739,740,739.0,740.0,7,6286240,50289920,6437269337,51498154696
740,741,740.0,741.0,6,5494607,43956856,6442763944,51542111552
741,742,741.0,742.0,9,7938089,63504712,6450702033,51605616264
742,743,742.0,743.0,7,6906042,55248336,6457608075,51660864600
743,744,743.0,744.0,10,10114340,80914720,6467722415,51741779320
744,745,744.0,745.0,11,9938751,79510008,6477661166,51821289328
745,746,745.0,746.0,9,8422276,67378208,6486083442,51888667536
746,747,746.0,747.0,12,11492417,91939336,6497575859,51980606872
747,748,747.0,748.0,12,11290576,90324608,6508866435,52070931480
748,749,748.0,749.0,11,10401317,83210536,6519267752,52154142016
749,750,749.0,750.0,11,9718391,77747128,6528986143,52231889144
750,751,750.0,751.0,10,8114188,64913504,6537100331,52296802648
751,752,751.0,752.0,8,7735473,61883784,6544835804,52358686432
752,753,752.0,753.0,14,11698352,93586816,6556534156,52452273248
753,754,753.0,754.0,10,9254005,74032040,6565788161,52526305288
754,755,754.0,755.0,11,10322472,82579776,6576110633,52608885064
755,756,755.0,756.0,11,10517728,84141824,6586628361,52693026888
756,757,756.0,757.0,13,13144206,105153648,6599772567,52798180536
757,758,757.0,758.0,10,8865471,70923768,6608638038,52869104304
758,759,758.0,759.0,14,13416372,107330976,6622054410,52976435280
759,760,759.0,760.0,12,10904597,87236776,6632959007,53063672056
760,761,760.0,761.0,11,11044653,88357224,6644003660,53152029280
761,762,761.0,762.0,14,13167102,105336816,6657170762,53257366096
762,763,762.0,763.0,14,13587960,108703680,6670758722,53366069776
763,764,763.0,764.0,15,13912100,111296800,6684670822,53477366576
764,765,764.0,765.0,12,10603844,84830752,6695274666,53562197328
765,766,765.0,766.0,14,11919856,95358848,6707194522,53657556176
766,767,766.0,767.0,15,14112925,112903400,6721307447,53770459576
767,768,767.0,768.0,11,10312013,82496104,6731619460,53852955680
768,769,768.0,769.0,14,13224280,105794240,6744843740,53958749920
769,770,769.0,770.0,9,8084157,64673256,6752927897,54023423176
770,771,770.0,771.0,7,6707153,53657224,6759635050,54077080400
771,772,771.0,772.0,6,5653505,45228040,6765288555,54122308440
772,773,772.0,773.0,8,8272073,66176584,6773560628,54188485024
773,774,773.0,774.0,6,5382526,43060208,6778943154,54231545232
774,775,774.0,775.0,8,7649386,61195088,6786592540,54292740320
775,776,775.0,776.0,8,6933806,55470448,6793526346,54348210768
776,777,776.0,777.0,6,5958933,47671464,6799485279,54395882232
777,778,777.0,778.0,5,4877661,39021288,6804362940,54434903520
778,779,778.0,779.0,7,6545220,52361760,6810908160,54487265280
779,780,779.0,780.0,12,11762232,94097856,6822670392,54581363136
780,781,780.0,781.0,10,9985228,79881824,6832655620,54661244960
781,782,781.0,782.0,11,11018443,88147544,6843674063,54749392504
782,783,782.0,783.0,11,10155392,81243136,6853829455,54830635640
783,784,783.0,784.0,13,12306635,98453080,6866136090,54929088720
784,785,784.0,785.0,15,12266448,98131584,6878402538,55027220304
785,786,785.0,786.0,12,11108144,88865152,6889510682,55116085456
786,787,786.0,787.0,13,12230221,97841768,6901740903,55213927224
787,788,787.0,788.0,14,13280175,106241400,6915021078,55320168624
788,789,788.0,789.0,11,10755540,86044320,6925776618,55406212944
789,790,789.0,790.0,12,10797179,86377432,6936573797,55492590376
790,791,790.0,791.0,11,10359196,82873568,6946932993,55575463944
791,792,791.0,792.0,9,8414561,67316488,6955347554,55642780432
792,793,792.0,793.0,10,8667263,69338104,6964014817,55712118536
793,794,793.0,794.0,7,6114983,48919864,6970129800,55761038400
794,795,794.0,795.0,12,10653368,85226944,6980783168,55846265344
795,796,795.0,796.0,11,10581750,84654000,6991364918,55930919344
796,797,796.0,797.0,11,11078898,88631184,7002443816,56019550528
797,798,797.0,798.0,8,7664000,61312000,7010107816,56080862528
798,799,798.0,799.0,8,7110574,56884592,7017218390,56137747120
799,800,799.0,800.0,6,5322885,42583080,7022541275,56180330200
800,801,800.0,801.0,10,8521865,68174920,7031063140,56248505120
801,802,801.0,802.0,6,6124056,48992448,7037187196,56297497568
802,803,802.0,803.0,8,8245885,65967080,7045433081,56363464648
803,804,803.0,804.0,7,5376587,43012696,7050809668,56406477344
804,805,804.0,805.0,6,5687899,45503192,7056497567,56451980536
805,806,805.0,806.0,6,5074871,40598968,7061572438,56492579504
806,807,806.0,807.0,6,5916481,47331848,7067488919,56539911352
807,808,807.0,808.0,5,4742249,37937992,7072231168,56577849344
808,809,808.0,809.0,5,5257446,42059568,7077488614,56619908912
809,810,809.0,810.0,8,7209090,57672720,7084697704,56677581632
810,811,810.0,811.0,8,7876845,63014760,7092574549,56740596392
811,812,811.0,812.0,8,7291670,58333360,7099866219,56798929752
812,813,812.0,813.0,11,9828551,78628408,7109694770,56877558160
813,814,813.0,814.0,14,12091321,96730568,7121786091,56974288728
814,815,814.0,815.0,10,9984978,79879824,7131771069,57054168552
815,816,815.0,816.0,11,11077380,88619040,7142848449,57142787592
816,817,816.0,817.0,12,12564247,100513976,7155412696,57243301568
817,818,817.0,818.0,10,9681262,77450096,7165093958,57320751664
818,819,818.0,819.0,13,11083960,88671680,7176177918,57409423344
819,820,819.0,820.0,13,12492225,99937800,7188670143,57509361144
820,821,820.0,821.0,11,10504300,84034400,7199174443,57593395544
821,822,821.0,822.0,13,11151450,89211600,7210325893,57682607144
822,823,822.0,823.0,7,6771444,54171552,7217097337,57736778696
823,824,823.0,824.0,7,6137776,49102208,7223235113,57785880904
824,825,824.0,825.0,8,8165225,65321800,7231400338,57851202704
825,826,825.0,826.0,4,4204174,33633392,7235604512,57884836096
826,827,826.0,827.0,4,3789626,30317008,7239394138,57915153104
827,828,827.0,828.0,4,3804942,30439536,7243199080,57945592640
828,829,828.0,829.0,5,4809923,38479384,7248009003,57984072024
829,830,829.0,830.0,4,3609711,28877688,7251618714,58012949712
830,831,830.0,831.0,4,3713548,29708384,7255332262,58042658096
831,832,831.0,832.0,4,3251993,26015944,7258584255,58068674040
832,833,832.0,833.0,4,3281428,26251424,7261865683,58094925464
833,834,833.0,834.0,2,1971612,15772896,7263837295,58110698360
834,835,834.0,835.0,5,5064740,40517920,7268902035,58151216280
835,836,835.0,836.0,7,6964246,55713968,7275866281,58206930248
836,837,836.0,837.0,6,5841052,46728416,7281707333,58253658664
837,838,837.0,838.0,5,5538993,44311944,7287246326,58297970608
838,839,838.0,839.0,7,6563572,52508576,7293809898,58350479184
839,840,839.0,840.0,6,5886835,47094680,7299696733,58397573864
840,841,840.0,841.0,6,4851835,38814680,7304548568,58436388544
841,842,841.0,842.0,9,8021960,64175680,7312570528,58500564224
842,843,842.0,843.0,6,6019539,48156312,7318590067,58548720536
843,844,843.0,844.0,7,6508947,52071576,7325099014,58600792112
844,845,844.0,845.0,9,8099819,64798552,7333198833,58665590664
845,846,845.0,846.0,9,7123880,56991040,7340322713,58722581704
846,847,846.0,847.0,14,14093783,112750264,7354416496,58835331968
847,848,847.0,848.0,10,8480022,67840176,7362896518,58903172144
848,849,848.0,849.0,8,7853483,62827864,7370750001,58966000008
849,850,849.0,850.0,9,8705975,69647800,7379455976,59035647808
850,851,850.0,851.0,8,7855399,62843192,7387311375,59098491000
851,852,851.0,852.0,8,7771748,62173984,7395083123,59160664984
852,853,852.0,853.0,6,6353990,50831920,7401437113,59211496904
853,854,853.0,854.0,8,7883670,63069360,7409320783,59274566264
854,855,854.0,855.0,5,4799859,38398872,7414120642,59312965136
855,856,855.0,856.0,5,4766734,38133872,7418887376,59351099008
856,857,856.0,857.0,3,2628236,21025888,7421515612,59372124896
857,858,857.0,858.0,5,4672178,37377424,7426187790,59409502320
858,859,858.0,859.0,4,3944673,31557384,7430132463,59441059704
859,860,859.0,860.0,4,3373504,26988032,7433505967,59468047736
860,861,860.0,861.0,2,1411841,11294728,7434917808,59479342464
861,862,861.0,862.0,1,1166125,9329000,7436083933,59488671464
862,863,862.0,863.0,2,1914656,15317248,7437998589,59503988712
863,864,863.0,864.0,1,982787,7862296,7438981376,59511851008
864,865,864.0,865.0,1,1131552,9052416,7440112928,59520903424
865,866,865.0,866.0,2,2198010,17584080,7442310938,59538487504
866,867,866.0,867.0,1,1015329,8122632,7443326267,59546610136
867,868,867.0,868.0,2,1852082,14816656,7445178349,59561426792
868,869,868.0,869.0,1,966142,7729136,7446144491,59569155928
869,870,869.0,870.0,1,645437,5163496,7446789928,59574319424
870,871,870.0,871.0,2,1904672,15237376,7448694600,59589556800
871,872,871.0,872.0,1,688450,5507600,7449383050,59595064400
872,873,872.0,873.0,0,0,0,7449383050,59595064400
873,874,873.0,874.0,0,0,0,7449383050,59595064400
874,875,874.0,875.0,0,0,0,7449383050,59595064400
875,876,875.0,876.0,0,0,0,7449383050,59595064400
876,877,876.0,877.0,0,0,0,7449383050,59595064400
877,878,877.0,878.0,0,0,0,7449383050,59595064400
878,879,878.0,879.0,0,0,0,7449383050,59595064400
879,880,879.0,880.0,0,0,0,7449383050,59595064400
880,881,880.0,881.0,0,0,0,7449383050,59595064400
881,882,881.0,882.0,0,0,0,7449383050,59595064400
882,883,882.0,883.0,0,0,0,7449383050,59595064400
883,884,883.0,884.0,0,0,0,7449383050,59595064400
884,885,884.0,885.0,2,1863375,14907000,7451246425,59609971400
885,886,885.0,886.0,3,2538860,20310880,7453785285,59630282280
886,887,886.0,887.0,5,3972784,31782272,7457758069,59662064552
887,888,887.0,888.0,5,5133983,41071864,7462892052,59703136416
888,889,888.0,889.0,4,3926013,31408104,7466818065,59734544520
889,890,889.0,890.0,5,4957641,39661128,7471775706,59774205648
890,891,890.0,891.0,3,2160504,17284032,7473936210,59791489680
891,892,891.0,892.0,4,3838019,30704152,7477774229,59822193832
892,893,892.0,893.0,5,4699184,37593472,7482473413,59859787304
893,894,893.0,894.0,3,2832570,22660560,7485305983,59882447864
894,895,894.0,895.0,5,3985375,31883000,7489291358,59914330864
895,896,895.0,896.0,4,3550730,28405840,7492842088,59942736704
896,897,896.0,897.0,4,3847856,30782848,7496689944,59973519552
897,898,897.0,898.0,4,3810596,30484768,7500500540,60004004320
898,899,898.0,899.0,3,3099630,24797040,7503600170,60028801360
899,900,899.0,900.0,1,698268,5586144,7504298438,60034387504
900,901,900.0,901.0,0,0,0,7504298438,60034387504
901,902,901.0,902.0,0,0,0,7504298438,60034387504
902,903,902.0,903.0,0,0,0,7504298438,60034387504
903,904,903.0,904.0,0,0,0,7504298438,60034387504
904,905,904.0,905.0,0,0,0,7504298438,60034387504
905,906,905.0,906.0,0,0,0,7504298438,60034387504
906,907,906.0,907.0,0,0,0,7504298438,60034387504
907,908,907.0,908.0,0,0,0,7504298438,60034387504
908,909,908.0,909.0,0,0,0,7504298438,60034387504
909,910,909.0,910.0,0,0,0,7504298438,60034387504
910,911,910.0,911.0,0,0,0,7504298438,60034387504
911,912,911.0,912.0,0,0,0,7504298438,60034387504
912,913,912.0,913.0,0,0,0,7504298438,60034387504
913,914,913.0,914.0,0,0,0,7504298438,60034387504
914,915,914.0,915.0,0,0,0,7504298438,60034387504
915,916,915.0,916.0,0,0,0,7504298438,60034387504
916,917,916.0,917.0,0,0,0,7504298438,60034387504
917,918,917.0,918.0,0,0,0,7504298438,60034387504
918,919,918.0,919.0,0,0,0,7504298438,60034387504
919,920,919.0,920.0,0,0,0,7504298438,60034387504
920,921,920.0,921.0,0,0,0,7504298438,60034387504
921,922,921.0,922.0,0,0,0,7504298438,60034387504
922,923,922.0,923.0,0,0,0,7504298438,60034387504
923,924,923.0,924.0,0,0,0,7504298438,60034387504
924,925,924.0,925.0,0,0,0,7504298438,60034387504
925,926,925.0,926.0,0,0,0,7504298438,60034387504
