uav_id,takeoff_time_s,return_time_s,communication_start_s,communication_exit_s,collection_count,generated_data_bytes,generated_data_bits
0,46.998569704,796.804509512,46.998569704,796.804509512,400,378773832,3030190656
1,49.565236381,799.371176188,49.565236381,799.371176188,400,378999122,3031992976
2,52.131903057,802.685389761,52.131903057,802.685389761,400,375495585,3003964680
3,54.698569734,793.025829845,54.698569734,793.025829845,400,370713225,2965705800
4,21.742730014,839.287166778,21.742730014,839.287166778,400,371328776,2970630208
5,24.309396691,835.564681197,24.309396691,835.564681197,400,377903995,3023231960
6,26.916503482,841.894273570,26.916503482,841.894273570,400,375161694,3001293552
7,29.523610273,844.460940246,29.523610273,844.460940246,400,376556015,3012448120
8,32.090276950,866.627058622,32.090276950,866.627058622,400,369615327,2956922616
9,39.258129560,847.775153819,39.258129560,847.775153819,400,370628432,2965027456
10,41.824796236,877.903032673,41.824796236,877.903032673,400,382074684,3056597472
11,13.661760508,872.769699319,13.661760508,872.769699319,400,379738873,3037910984
12,44.431903027,869.193725299,44.431903027,869.193725299,400,372822415,2982579320
13,36.651022768,925.368222971,36.651022768,925.368222971,400,377715554,3021724432
14,16.975974080,875.336365996,16.975974080,875.336365996,400,375656064,3005248512
15,2.607106791,922.801556294,2.607106791,922.801556294,400,376059120,3008472960
16,0.000000000,920.234889617,0.000000000,920.234889617,400,372829765,2982638120
17,11.095093831,864.019951831,11.095093831,864.019951831,400,370581453,2964651624
18,7.780880259,896.258520585,7.780880259,896.258520585,400,376456343,3011650744
19,5.173773468,861.453285154,5.173773468,861.453285154,400,375188164,3001505312
