uav_id,data_id,remaining_bits
0,4000,7170128.0
0,4001,9434320.0
0,4002,9569008.0
0,4003,6759152.0
0,4004,9073256.0
0,4005,8929016.0
0,4006,5405448.0
0,4007,5803608.0
0,4008,9541048.0
0,4009,6611128.0
0,4010,8733920.0
0,4011,9635368.0
0,4012,9859128.0
0,4013,7313464.0
0,4014,5663712.0
0,4015,7674368.0
0,4016,9925080.0
0,4017,7515512.0
0,4018,7289752.0
0,4019,8444448.0
0,4020,9669296.0
0,4021,9198520.0
0,4022,9481280.0
0,4023,9376936.0
0,4024,8330072.0
0,4025,6335416.0
0,4026,9028328.0
0,4027,8343512.0
0,4028,5951128.0
0,4029,5181984.0
0,4030,7978584.0
0,4031,7712200.0
0,4032,5128704.0
0,4033,8052888.0
0,4034,6022408.0
0,4035,8138512.0
0,4036,7229824.0
0,4037,8767576.0
0,4038,6305480.0
0,4039,8302192.0
0,4040,6622944.0
0,4041,6554944.0
0,4042,9938656.0
0,4043,9957816.0
0,4044,8314472.0
0,4045,9501888.0
0,4046,7989832.0
0,4047,7255952.0
0,4048,8781536.0
0,4049,9466584.0
0,4050,7022016.0
0,4051,8114552.0
0,4052,8197160.0
0,4053,6827264.0
0,4054,8111736.0
0,4055,6877200.0
0,4056,5875952.0
0,4057,5929232.0
0,4058,5134344.0
0,4059,9555520.0
0,4060,9711240.0
0,4065,9118560.0
0,4066,7113408.0
0,4072,6734272.0
0,4075,5760298.610933721
0,4080,6997128.0
0,4081,5161296.0
0,4082,6670136.0
0,4083,7455792.0
0,4084,6625232.0
0,4085,8823240.0
0,4086,9559808.0
0,4087,5066568.0
0,4088,8400232.0
0,4089,8558472.0
0,4090,5482664.0
0,4091,7938344.0
0,4092,7444456.0
0,4093,9367808.0
0,4094,7719392.0
0,4095,5618336.0
0,4096,8228944.0
0,4097,5299760.0
0,4098,8661240.0
0,4099,8470424.0
0,4160,6138720.0
0,4161,9545416.0
0,4162,8404632.0
0,4163,6005800.0
0,4164,9727208.0
0,4165,9840304.0
0,4166,5799624.0
0,4167,8110784.0
0,4168,8811416.0
0,4169,5702312.0
0,4170,6494696.0
0,4171,5720608.0
0,4172,7525992.0
0,4173,7178712.0
0,4174,6716472.0
0,4175,8214392.0
0,4176,6525328.0
0,4177,8895992.0
0,4178,8860536.0
0,4179,9384264.0
0,4320,7649312.0
0,4321,5055072.0
0,4322,5887072.0
0,4323,9929688.0
0,4324,8293024.0
0,4325,7468952.0
0,4326,7740936.0
0,4327,9925184.0
0,4328,5898640.0
0,4329,6493376.0
0,4330,8496832.0
0,4331,9608256.0
0,4332,9701560.0
0,4333,9409176.0
0,4334,7341816.0
0,4335,5184920.0
0,4336,9065824.0
0,4337,7114528.0
0,4338,6248736.0
0,4339,7281144.0
1,4400,8843512.0
1,4401,8137752.0
1,4402,7213672.0
1,4403,6049008.0
1,4404,6035136.0
1,4405,9163392.0
1,4406,9189608.0
1,4407,7712488.0
1,4408,7150528.0
1,4409,7306312.0
1,4410,6352080.0
1,4411,9854960.0
1,4412,9322256.0
1,4413,8037680.0
1,4414,8685688.0
1,4415,9337200.0
1,4416,8582216.0
1,4417,5246320.0
1,4418,7929856.0
1,4419,6714464.0
1,4560,6289008.0
1,4561,7092832.0
1,4562,7060528.0
1,4563,5026056.0
1,4564,6382152.0
1,4565,5838160.0
1,4566,7205512.0
1,4567,8459160.0
1,4568,9639784.0
1,4569,8722040.0
1,4570,8465840.0
1,4571,9902248.0
1,4572,8905432.0
1,4573,7305368.0
1,4574,9725008.0
1,4575,8582840.0
1,4576,6293488.0
1,4577,7575096.0
1,4578,8373824.0
1,4579,7186112.0
1,4640,8495704.0
1,4641,6381216.0
1,4642,8662384.0
1,4643,5753856.0
1,4644,9920576.0
1,4645,9763616.0
1,4646,7371296.0
1,4647,7763800.0
1,4648,7225032.0
1,4649,9325072.0
1,4650,8465416.0
1,4651,6076568.0
1,4652,6504400.0
1,4653,5524976.0
1,4654,9678664.0
1,4655,6192624.0
1,4656,9509528.0
1,4657,5860624.0
1,4658,9572280.0
1,4659,7551120.0
1,4720,5447488.0
1,4721,8073536.0
1,4722,9608776.0
1,4723,8263736.0
1,4724,7257776.0
1,4725,9684496.0
1,4726,9339448.0
1,4727,5372400.0
1,4728,7548840.0
1,4729,7320472.0
1,4730,9282256.0
1,4731,6077856.0
1,4732,5258048.0
1,4733,6337128.0
1,4734,9328048.0
1,4735,5760224.0
1,4736,8803856.0
1,4737,9391592.0
1,4738,8695840.0
1,4739,5624656.0
1,4742,9159248.0
1,4743,4522291.254072115
1,4744,6009408.0
1,4745,9853392.0
1,4746,9265536.0
1,4747,8487936.0
1,4750,9236752.0
1,4752,6648216.0
1,4753,8786360.0
1,4754,5806200.0
1,4755,8777064.0
1,4756,5172248.0
1,4758,6232976.0
2,3241,6915712.0
2,3244,9866272.0
2,3247,7260336.0
2,3249,8030128.0
2,3251,6691192.0
2,3252,5542432.0
2,3254,4361992.02023524
2,3256,6063104.0
2,3257,6198096.0
2,3258,7745224.0
2,3260,7678208.0
2,3261,6540216.0
2,3262,6606712.0
2,3263,5612912.0
2,3264,6664608.0
2,3265,9252784.0
2,3266,7122096.0
2,3267,9349856.0
2,3268,5191872.0
2,3269,6962264.0
2,3270,6363576.0
2,3271,9381704.0
2,3272,5912360.0
2,3273,7484656.0
2,3274,8201264.0
2,3275,7581968.0
2,3276,9519392.0
2,3277,6784704.0
2,3278,9928696.0
2,3279,9682560.0
2,3340,8849288.0
2,3341,9134272.0
2,3342,6701648.0
2,3343,6243424.0
2,3344,6043120.0
2,3345,9557120.0
2,3346,8593016.0
2,3347,5110392.0
2,3348,9501504.0
2,3349,8098136.0
2,3350,6981160.0
2,3351,5472752.0
2,3352,5172224.0
2,3353,6189424.0
2,3354,5696816.0
2,3355,9138848.0
2,3356,7890288.0
2,3357,9251976.0
2,3358,8767320.0
2,3359,9079440.0
2,3420,5410504.0
2,3421,6333864.0
2,3422,9829992.0
2,3423,8152184.0
2,3424,9329128.0
2,3425,6054952.0
2,3426,8404288.0
2,3427,7205984.0
2,3428,7389224.0
2,3429,8081192.0
2,3430,8758816.0
2,3431,7712744.0
2,3432,7213512.0
2,3433,7477096.0
2,3434,7474288.0
2,3435,9511016.0
2,3436,9365464.0
2,3437,5059280.0
2,3438,6426632.0
2,3439,7205240.0
2,3580,7979808.0
2,3581,9498920.0
2,3582,7191232.0
2,3583,9751608.0
2,3584,6814496.0
2,3585,6445616.0
2,3586,6364184.0
2,3587,9360136.0
2,3588,8733168.0
2,3589,5851528.0
2,3590,8577048.0
2,3591,6624296.0
2,3592,6746904.0
2,3593,9321120.0
2,3594,7344248.0
2,3595,8585392.0
2,3596,6268600.0
2,3597,7291456.0
2,3598,5722576.0
2,3599,5000192.0
3,3660,5833472.0
3,3661,7223176.0
3,3662,7911656.0
3,3663,8698608.0
3,3664,8101032.0
3,3665,9782944.0
3,3666,6019632.0
3,3667,9749168.0
3,3668,6340400.0
3,3669,5590112.0
3,3670,5959456.0
3,3671,9546992.0
3,3672,6254488.0
3,3673,5396968.0
3,3674,9831656.0
3,3675,7856552.0
3,3676,7101992.0
3,3677,6460344.0
3,3678,7211216.0
3,3679,9000928.0
3,3820,9213640.0
3,3821,5740776.0
3,3822,8345192.0
3,3823,5674816.0
3,3824,5952072.0
3,3825,6972592.0
3,3826,9097016.0
3,3827,7250216.0
3,3828,8159136.0
3,3829,7693752.0
3,3830,7038872.0
3,3831,8959080.0
3,3832,5045640.0
3,3833,9170008.0
3,3834,7471112.0
3,3835,5051024.0
3,3836,5210360.0
3,3837,6468840.0
3,3838,6260960.0
3,3839,5910040.0
3,3900,5320872.0
3,3901,9288160.0
3,3902,5766536.0
3,3903,9135808.0
3,3904,7858328.0
3,3905,9474072.0
3,3906,9079928.0
3,3907,5668152.0
3,3908,7846880.0
3,3909,8575864.0
3,3910,6369904.0
3,3911,6335528.0
3,3912,6848040.0
3,3913,6136424.0
3,3914,9121952.0
3,3915,7690496.0
3,3916,8635808.0
3,3917,5701696.0
3,3918,9512480.0
3,3919,7088768.0
3,3942,8268648.0
3,3944,5333488.0
3,3945,6718312.0
3,3946,7459784.0
3,3947,9812888.0
3,3948,4923842.651864335
3,3952,8711760.0
3,3953,5012144.0
3,3954,5736232.0
3,3955,8905064.0
3,3958,7981176.0
3,3960,5835608.0
3,3961,7642328.0
3,3962,7058272.0
3,3963,8443856.0
3,3964,5356008.0
3,3965,9222232.0
3,3966,8720488.0
3,3967,9035704.0
3,3968,7381864.0
3,3969,7060056.0
3,3970,9337232.0
3,3971,6771808.0
3,3972,9811896.0
3,3973,5338136.0
3,3974,5754320.0
3,3975,6435464.0
3,3976,9345656.0
3,3977,5393040.0
3,3978,9198016.0
3,3979,8390552.0
3,3980,5045760.0
3,3981,5746032.0
3,3982,8701392.0
3,3983,6829040.0
3,3984,9816416.0
3,3985,6038568.0
3,3986,7357344.0
3,3987,9148048.0
3,3988,7646312.0
3,3989,6045472.0
3,3990,9477728.0
3,3991,6863040.0
3,3992,9849384.0
3,3993,8174504.0
3,3994,8190272.0
3,3995,7385704.0
3,3996,8135096.0
3,3997,7367816.0
3,3998,7193224.0
3,3999,9810288.0
4,0,8160968.0
4,1,5040024.0
4,2,5742472.0
4,3,6929408.0
4,4,6424408.0
4,5,5412600.0
4,6,7388008.0
4,7,7489504.0
4,8,9590744.0
4,9,7243728.0
4,10,8416224.0
4,11,8527144.0
4,12,8257200.0
4,13,6488944.0
4,14,5621040.0
4,15,8106328.0
4,16,7527080.0
4,17,7804512.0
4,18,5551264.0
4,19,5449232.0
4,80,7754584.0
4,83,6517960.0
4,90,5940688.0
4,91,8417544.0
4,96,1006502.0059837997
4,200,6839984.0
4,201,5740872.0
4,202,6311344.0
4,203,6075024.0
4,204,9853448.0
4,205,6870224.0
4,206,8528640.0
4,207,6088448.0
4,208,8339824.0
4,209,7929736.0
4,210,8552288.0
4,211,5772864.0
4,212,5478680.0
4,213,7689576.0
4,214,5278856.0
4,215,6126232.0
4,216,7143072.0
4,217,9256736.0
4,218,5977376.0
4,219,5113352.0
4,960,5753616.0
4,961,9197248.0
4,962,9523096.0
4,963,8007136.0
4,964,9052808.0
4,965,5711864.0
4,966,9286136.0
4,967,9480688.0
4,968,6771568.0
4,969,9572328.0
4,970,6038112.0
4,971,5286128.0
4,972,9790200.0
4,973,6890080.0
4,974,6342512.0
4,975,5636792.0
4,976,6074984.0
4,977,6633232.0
4,978,6185496.0
4,979,9502240.0
4,1000,8637880.0
4,1001,9194616.0
4,1002,6470296.0
4,1003,8647416.0
4,1004,9397136.0
4,1005,5304184.0
4,1006,5387952.0
4,1007,5624472.0
4,1008,7616472.0
4,1009,5891320.0
4,1010,8406472.0
4,1011,6274664.0
4,1012,9153248.0
4,1013,7886040.0
4,1014,6317000.0
4,1015,5891368.0
4,1016,8252232.0
4,1017,7344976.0
4,1018,7785464.0
4,1019,9876960.0
4,1760,7573904.0
4,1761,5336616.0
4,1762,7553752.0
4,1763,8276424.0
4,1764,9737352.0
4,1765,5032288.0
4,1766,6867392.0
4,1767,6177960.0
4,1768,7492464.0
4,1769,7898328.0
4,1770,5329224.0
4,1771,6573672.0
4,1772,7999304.0
4,1773,7827584.0
4,1774,6524392.0
4,1775,6323568.0
4,1776,8049032.0
4,1777,8116640.0
4,1778,6104648.0
4,1779,7094896.0
4,1800,7582040.0
4,1801,8206704.0
4,1802,7892656.0
4,1803,9717792.0
4,1804,6719872.0
4,1805,6678000.0
4,1806,5012368.0
4,1807,5650616.0
4,1808,9193448.0
4,1809,8661456.0
4,1810,5432560.0
4,1811,7337040.0
4,1812,6519608.0
4,1813,9892592.0
4,1814,6835080.0
4,1815,5240920.0
4,1816,8410000.0
4,1817,9300320.0
4,1818,7454016.0
4,1819,8159104.0
4,2740,9493184.0
4,2741,7708528.0
4,2742,7604768.0
4,2743,5462744.0
4,2744,8005944.0
4,2745,9644656.0
4,2746,7277672.0
4,2747,7676264.0
4,2748,7458592.0
4,2749,8973416.0
4,2750,8396576.0
4,2751,8734216.0
4,2752,7873240.0
4,2753,8267448.0
4,2754,8660960.0
4,2755,7160200.0
4,2756,8013808.0
4,2757,9180192.0
4,2758,5663488.0
4,2759,7238096.0
4,3560,5032608.0
4,3561,7919840.0
4,3562,7877520.0
4,3563,8641064.0
4,3564,9359552.0
4,3565,5199712.0
4,3566,9982648.0
4,3567,6940176.0
4,3568,9055984.0
4,3569,9271240.0
4,3570,6737040.0
4,3571,7293528.0
4,3572,5915664.0
4,3573,6812496.0
4,3574,9402376.0
4,3575,8285152.0
4,3576,7076232.0
4,3577,8187096.0
4,3578,5408256.0
4,3579,9680864.0
5,600,5389096.0
5,601,7947208.0
5,602,9469096.0
5,603,7921096.0
5,604,8986952.0
5,605,9173528.0
5,606,6231672.0
5,607,7744176.0
5,608,5070784.0
5,609,6542008.0
5,610,7731784.0
5,611,8723608.0
5,612,5949664.0
5,613,9371936.0
5,614,5644136.0
5,615,6395208.0
5,616,7244952.0
5,617,6365008.0
5,618,6065672.0
5,619,6740184.0
5,641,6993280.0
5,648,5389608.0
5,649,7836257.003494889
5,652,9670320.0
5,720,9917448.0
5,721,9576784.0
5,722,7337504.0
5,723,8868920.0
5,724,8015064.0
5,725,8694832.0
5,726,8668824.0
5,727,7770048.0
5,728,8836840.0
5,729,7289184.0
5,730,7882184.0
5,731,8561152.0
5,732,7155968.0
5,733,5826728.0
5,734,9468592.0
5,735,6054304.0
5,736,5752592.0
5,737,7867520.0
5,738,7042672.0
5,739,6865696.0
5,1360,7330840.0
5,1361,9619800.0
5,1362,8910480.0
5,1363,7452600.0
5,1364,7422696.0
5,1365,6420288.0
5,1366,6741664.0
5,1367,9943944.0
5,1368,9935640.0
5,1369,6796200.0
5,1370,7766696.0
5,1371,8225432.0
5,1372,6149040.0
5,1373,6967560.0
5,1374,7079408.0
5,1375,5683864.0
5,1376,7981608.0
5,1377,7303592.0
5,1378,7232392.0
5,1379,8710864.0
5,1400,8983696.0
5,1401,7239240.0
5,1402,6815568.0
5,1403,7751480.0
5,1404,7031512.0
5,1405,6714200.0
5,1406,6219040.0
5,1407,6993704.0
5,1408,8965808.0
5,1409,5180472.0
5,1410,7631808.0
5,1411,6638200.0
5,1412,9099320.0
5,1413,7268696.0
5,1414,8562040.0
5,1415,7627048.0
5,1416,8099704.0
5,1417,7955168.0
5,1418,8509080.0
5,1419,6994656.0
5,2160,6695440.0
5,2161,7273880.0
5,2162,9170296.0
5,2163,8779928.0
5,2164,6434264.0
5,2165,9832920.0
5,2166,6633680.0
5,2167,8057728.0
5,2168,5252056.0
5,2169,5486336.0
5,2170,6803552.0
5,2171,6320600.0
5,2172,5792944.0
5,2173,8726680.0
5,2174,7003544.0
5,2175,9654760.0
5,2176,5113712.0
5,2177,9086472.0
5,2178,5021928.0
5,2179,5893952.0
5,2200,7685376.0
5,2201,7288344.0
5,2202,6149440.0
5,2203,9835400.0
5,2204,8114848.0
5,2205,9764104.0
5,2206,7618056.0
5,2207,9746640.0
5,2208,8467152.0
5,2209,6935352.0
5,2210,8260160.0
5,2211,8060984.0
5,2212,6832664.0
5,2213,6554016.0
5,2214,6761672.0
5,2215,8243808.0
5,2216,8918176.0
5,2217,6009280.0
5,2218,8430144.0
5,2219,5764264.0
5,2820,7395064.0
5,2821,9771344.0
5,2822,9651848.0
5,2823,8674024.0
5,2824,7067176.0
5,2825,5686864.0
5,2826,8148752.0
5,2827,6329936.0
5,2828,5203304.0
5,2829,6467008.0
5,2830,9088424.0
5,2831,8735560.0
5,2832,8456448.0
5,2833,8830592.0
5,2834,9089752.0
5,2835,6135072.0
5,2836,6804600.0
5,2837,9076344.0
5,2838,6371976.0
5,2839,8750128.0
5,3640,6419496.0
5,3641,7885096.0
5,3642,8979816.0
5,3643,9191728.0
5,3644,7806024.0
5,3645,8370912.0
5,3646,7600104.0
5,3647,6362904.0
5,3648,6382096.0
5,3649,6762248.0
5,3650,7333848.0
5,3651,6934336.0
5,3652,5175392.0
5,3653,7670880.0
5,3654,9337968.0
5,3655,5942104.0
5,3656,5847200.0
5,3657,7684648.0
5,3658,6923504.0
5,3659,7176128.0
6,4340,7363104.0
6,4341,5024680.0
6,4342,8420560.0
6,4343,9495608.0
6,4344,8589960.0
6,4345,5133136.0
6,4346,5682048.0
6,4347,8311576.0
6,4348,9012072.0
6,4349,9034400.0
6,4350,6539112.0
6,4351,5271112.0
6,4352,6201696.0
6,4353,8693408.0
6,4354,9975200.0
6,4355,6845616.0
6,4356,7514048.0
6,4357,7544848.0
6,4358,7129312.0
6,4359,5814584.0
6,5160,6289304.0
6,5161,5284200.0
6,5162,5342456.0
6,5163,8332768.0
6,5164,8453576.0
6,5165,5649032.0
6,5166,8256272.0
6,5167,9614288.0
6,5168,7512704.0
6,5169,6763536.0
6,5170,7092544.0
6,5171,5904448.0
6,5172,6637872.0
6,5173,5720136.0
6,5174,8624312.0
6,5175,6003136.0
6,5176,8090424.0
6,5177,5520208.0
6,5178,7911192.0
6,5179,9793784.0
6,5780,8726984.0
6,5781,6846480.0
6,5782,7682336.0
6,5783,6454072.0
6,5784,6903792.0
6,5785,9945016.0
6,5786,9399672.0
6,5787,9893968.0
6,5788,7933976.0
6,5789,9567912.0
6,5790,9615336.0
6,5791,9173168.0
6,5792,7182632.0
6,5793,8085968.0
6,5794,8783560.0
6,5795,6851696.0
6,5796,5973120.0
6,5797,9897248.0
6,5798,5099968.0
6,5799,5628944.0
6,5820,6083784.0
6,5821,6160752.0
6,5822,8833312.0
6,5823,5531760.0
6,5824,7692696.0
6,5825,8307200.0
6,5826,5775352.0
6,5827,8513176.0
6,5828,9254880.0
6,5829,6586624.0
6,5830,9569648.0
6,5831,5665064.0
6,5832,9569176.0
6,5833,8842168.0
6,5834,7955136.0
6,5835,7000232.0
6,5836,7828336.0
6,5837,9971832.0
6,5838,8131512.0
6,5839,5036520.0
6,6580,9306480.0
6,6581,6582992.0
6,6582,5293920.0
6,6583,7761416.0
6,6584,8411272.0
6,6585,8319216.0
6,6586,8363136.0
6,6587,9293432.0
6,6588,9565256.0
6,6589,9461664.0
6,6590,6250104.0
6,6591,9011256.0
6,6592,9865976.0
6,6593,8526616.0
6,6594,8823728.0
6,6595,6640304.0
6,6596,6632424.0
6,6597,6030688.0
6,6598,8640544.0
6,6599,8132848.0
6,6620,9409000.0
6,6621,6610384.0
6,6622,5895712.0
6,6623,8534944.0
6,6624,6386640.0
6,6625,7982176.0
6,6626,5362752.0
6,6627,9902400.0
6,6628,9709280.0
6,6629,8071624.0
6,6630,7633112.0
6,6631,5505696.0
6,6632,8065632.0
6,6633,9652032.0
6,6634,6988168.0
6,6635,9352104.0
6,6636,9493840.0
6,6637,5865944.0
6,6638,8734800.0
6,6639,6863064.0
6,7260,9045200.0
6,7261,8063352.0
6,7264,8025768.0
6,7266,6287656.0
6,7267,9460520.0
6,7268,5994864.0
6,7269,8761512.0
6,7270,6806368.0
6,7271,8267176.0
6,7274,9267232.0
6,7275,8696192.0
6,7276,2456216.2511404455
6,7278,8563448.0
6,7279,9920568.0
6,7380,7823632.0
6,7381,9077968.0
6,7382,9835568.0
6,7383,5226376.0
6,7384,5498120.0
6,7385,5349400.0
6,7386,6651640.0
6,7387,8433040.0
6,7388,7178768.0
6,7389,8681224.0
6,7390,8134544.0
6,7391,7036872.0
6,7392,7523112.0
6,7393,5076688.0
6,7394,6318192.0
6,7395,7632160.0
6,7396,9933808.0
6,7397,6086456.0
6,7398,7539336.0
6,7399,8894120.0
7,4420,8915096.0
7,4421,9909784.0
7,4422,6750288.0
7,4423,7724448.0
7,4424,9316608.0
7,4425,7384072.0
7,4426,6914496.0
7,4427,5294024.0
7,4428,5538632.0
7,4429,6565576.0
7,4430,9755928.0
7,4431,5437800.0
7,4432,9236448.0
7,4433,8335696.0
7,4434,6828056.0
7,4435,8708736.0
7,4436,6087048.0
7,4437,9499968.0
7,4438,7021080.0
7,4439,7885672.0
7,5240,5043656.0
7,5241,6676848.0
7,5242,5626512.0
7,5243,5241712.0
7,5244,9875096.0
7,5245,7272040.0
7,5246,6938288.0
7,5247,8140200.0
7,5248,7117528.0
7,5249,7454752.0
7,5250,6770544.0
7,5251,9698216.0
7,5252,7779984.0
7,5253,6541688.0
7,5254,9951520.0
7,5255,7441864.0
7,5256,8825560.0
7,5257,7085528.0
7,5258,7371696.0
7,5259,9312504.0
7,6180,6387480.0
7,6181,8413432.0
7,6182,9111904.0
7,6183,9129520.0
7,6184,7232224.0
7,6185,7336920.0
7,6186,5694520.0
7,6187,7904440.0
7,6188,8858640.0
7,6189,7518480.0
7,6190,8675016.0
7,6191,7811976.0
7,6192,8460880.0
7,6193,5153160.0
7,6194,7323352.0
7,6195,5126328.0
7,6196,8824368.0
7,6197,7078048.0
7,6198,9821392.0
7,6199,6467776.0
7,6220,5908304.0
7,6221,7537792.0
7,6222,5027368.0
7,6223,5236136.0
7,6224,7152720.0
7,6225,8140424.0
7,6226,9175896.0
7,6227,9243728.0
7,6228,7558568.0
7,6229,9005872.0
7,6230,6596480.0
7,6231,8002272.0
7,6232,9972320.0
7,6233,6356888.0
7,6234,8885624.0
7,6235,6769240.0
7,6236,6471968.0
7,6237,5084576.0
7,6238,9132016.0
7,6239,7999632.0
7,6980,5307392.0
7,6981,5276240.0
7,6982,9265000.0
7,6983,7093168.0
7,6984,8085464.0
7,6985,8129776.0
7,6986,9738400.0
7,6987,5765400.0
7,6988,7368152.0
7,6989,6866568.0
7,6990,7852872.0
7,6991,8888056.0
7,6992,5451128.0
7,6993,8001672.0
7,6994,5321664.0
7,6995,7821576.0
7,6996,9038168.0
7,6997,8220496.0
7,6998,5237392.0
7,6999,6150264.0
7,7020,9997768.0
7,7021,8810888.0
7,7022,8624936.0
7,7023,5043088.0
7,7024,7696488.0
7,7025,5996896.0
7,7026,7909480.0
7,7027,5786568.0
7,7028,9283152.0
7,7029,7268480.0
7,7030,5183560.0
7,7031,5253424.0
7,7032,7401776.0
7,7033,7188040.0
7,7034,5069816.0
7,7035,6781328.0
7,7036,6031120.0
7,7037,7108040.0
7,7038,9595032.0
7,7039,9031616.0
7,7780,6492680.0
7,7781,6220848.0
7,7782,9116432.0
7,7783,5948592.0
7,7784,5022136.0
7,7785,7930968.0
7,7786,7665032.0
7,7787,7538912.0
7,7788,6850392.0
7,7789,9583544.0
7,7790,7409968.0
7,7791,7653392.0
7,7792,9912936.0
7,7793,6933984.0
7,7794,8279712.0
7,7795,9359496.0
7,7796,9866696.0
7,7797,7016888.0
7,7798,8590936.0
7,7799,9746344.0
7,7982,6069416.0
7,7983,7964336.0
7,7984,5055272.0
7,7986,7228280.0
7,7989,6151567.430969194
7,7990,9052376.0
7,7992,6814456.0
7,7996,7145752.0
7,7997,9601216.0
7,7999,6805800.0
8,4360,8301872.0
8,4361,6367608.0
8,4362,5111416.0
8,4363,8443000.0
8,4364,9053400.0
8,4365,5066992.0
8,4366,5112248.0
8,4367,9007080.0
8,4368,6079440.0
8,4369,9127240.0
8,4370,9839000.0
8,4371,5695552.0
8,4372,7117992.0
8,4373,8229712.0
8,4374,9687032.0
8,4375,6937424.0
8,4376,6031312.0
8,4377,9308952.0
8,4378,7376816.0
8,4379,8747832.0
8,4960,9557672.0
8,4961,7071232.0
8,4962,5709712.0
8,4963,5150608.0
8,4964,8118232.0
8,4965,7863904.0
8,4966,5595120.0
8,4967,9802048.0
8,4968,6865088.0
8,4969,5048248.0
8,4970,6452856.0
8,4971,5424672.0
8,4972,6539584.0
8,4973,5648432.0
8,4974,5153200.0
8,4975,8356088.0
8,4976,8613848.0
8,4977,6310272.0
8,4978,9973824.0
8,4979,8307888.0
8,5000,8093200.0
8,5001,9911232.0
8,5002,5354616.0
8,5003,8001048.0
8,5004,5804664.0
8,5005,7084912.0
8,5006,5344048.0
8,5007,8328448.0
8,5008,8463560.0
8,5009,8506680.0
8,5010,9107248.0
8,5011,7598976.0
8,5012,6079528.0
8,5013,5219888.0
8,5014,5327616.0
8,5015,5684544.0
8,5016,8819216.0
8,5017,8192464.0
8,5018,9816104.0
8,5019,5390456.0
8,5680,9137240.0
8,5681,6864152.0
8,5682,5024864.0
8,5683,5758456.0
8,5684,6646144.0
8,5685,8025672.0
8,5686,8817416.0
8,5687,8746160.0
8,5688,5619336.0
8,5689,9570840.0
8,5690,7363536.0
8,5691,7778008.0
8,5692,6338096.0
8,5693,6150128.0
8,5694,6937464.0
8,5695,9670552.0
8,5696,9367440.0
8,5697,6684376.0
8,5698,5252160.0
8,5699,8928848.0
8,5720,6710528.0
8,5721,7441288.0
8,5722,9144632.0
8,5723,7408656.0
8,5724,7009400.0
8,5725,6918592.0
8,5726,6565696.0
8,5727,9499480.0
8,5728,6071104.0
8,5729,9292096.0
8,5730,8103952.0
8,5731,6387464.0
8,5732,5666048.0
8,5733,5621584.0
8,5734,7886344.0
8,5735,6640568.0
8,5736,7236728.0
8,5737,6328864.0
8,5738,8777880.0
8,5739,8619536.0
8,5740,6507952.0
8,5741,6806960.0
8,5742,7405232.0
8,5743,8619192.0
8,5744,7852088.0
8,5745,5092848.0
8,5746,8593000.0
8,5747,9419816.0
8,5748,5430456.0
8,5749,5389632.0
8,5750,7089416.0
8,5751,7350520.0
8,5752,5619880.0
8,5753,7526088.0
8,5754,8138888.0
8,5755,6251928.0
8,5756,8141448.0
8,5757,5167552.0
8,5758,9835976.0
8,5759,6064776.0
8,6480,7841376.0
8,6481,6970376.0
8,6482,7337424.0
8,6483,9985120.0
8,6484,8158912.0
8,6485,8497808.0
8,6486,5128752.0
8,6487,5859176.0
8,6488,5614336.0
8,6489,7717624.0
8,6490,7766432.0
8,6491,7237824.0
8,6492,8316480.0
8,6493,6570320.0
8,6494,8190104.0
8,6495,6162856.0
8,6496,8460520.0
8,6497,7232904.0
8,6498,6476864.0
8,6499,7878112.0
8,6500,5730248.0
8,6501,5767280.0
8,6502,9912984.0
8,6503,9926232.0
8,6504,6118496.0
8,6505,9919696.0
8,6506,6138592.0
8,6507,5833184.0
8,6508,7779568.0
8,6509,7528312.0
8,6510,5352464.0
8,6511,8423416.0
8,6512,7187312.0
8,6513,9441272.0
8,6514,6273680.0
8,6515,8728496.0
8,6516,6326960.0
8,6517,8556904.0
8,6518,6250936.0
8,6519,9181720.0
8,6546,8693152.0
8,6559,5230381.715355143
9,140,6465776.0
9,141,6583064.0
9,144,6309728.0
9,145,5265687.189924195
9,147,8374360.0
9,148,7598944.0
9,149,7473760.0
9,154,7586304.0
9,155,8369680.0
9,156,8187088.0
9,157,6851144.0
9,880,6695200.0
9,881,8517448.0
9,882,8941216.0
9,883,5565248.0
9,884,7840144.0
9,885,5631648.0
9,886,5158704.0
9,887,8361472.0
9,888,8144856.0
9,889,6993152.0
9,890,8758304.0
9,891,9646456.0
9,892,9087488.0
9,893,8659056.0
9,894,6747864.0
9,895,6392648.0
9,896,5427728.0
9,897,8403872.0
9,898,5270368.0
9,899,5269168.0
9,900,8166616.0
9,901,5151328.0
9,902,6606960.0
9,903,6957816.0
9,904,7618032.0
9,905,6011208.0
9,906,8034904.0
9,907,6350432.0
9,908,5992256.0
9,909,9981496.0
9,910,7509936.0
9,911,5793712.0
9,912,9710576.0
9,913,6076272.0
9,914,8501688.0
9,915,5134368.0
9,916,5736008.0
9,917,6863784.0
9,918,8106344.0
9,919,5614176.0
9,940,5514744.0
9,941,9580512.0
9,942,9219704.0
9,943,7228552.0
9,944,8204848.0
9,945,5466792.0
9,946,9812144.0
9,947,7409216.0
9,948,6342792.0
9,949,6016704.0
9,950,9483752.0
9,951,5585920.0
9,952,7471568.0
9,953,8655624.0
9,954,8872056.0
9,955,9227200.0
9,956,7322040.0
9,957,5166624.0
9,958,8145104.0
9,959,8845536.0
9,1700,5626416.0
9,1701,7490064.0
9,1702,9277440.0
9,1703,9705608.0
9,1704,6151456.0
9,1705,7350944.0
9,1706,5311592.0
9,1707,9983520.0
9,1708,8047088.0
9,1709,5132928.0
9,1710,6074720.0
9,1711,8804720.0
9,1712,7982736.0
9,1713,8885384.0
9,1714,6569992.0
9,1715,5825152.0
9,1716,5941416.0
9,1717,7234904.0
9,1718,8744952.0
9,1719,7678512.0
9,1740,8155680.0
9,1741,5981704.0
9,1742,5487488.0
9,1743,7538488.0
9,1744,6095264.0
9,1745,6178272.0
9,1746,6556496.0
9,1747,7742368.0
9,1748,6757368.0
9,1749,9945536.0
9,1750,8812464.0
9,1751,6748104.0
9,1752,9179416.0
9,1753,6202112.0
9,1754,7389384.0
9,1755,8735112.0
9,1756,7633416.0
9,1757,9066392.0
9,1758,9653632.0
9,1759,8414968.0
9,2580,9738512.0
9,2581,5208720.0
9,2582,6194512.0
9,2583,7738352.0
9,2584,8829640.0
9,2585,8905736.0
9,2586,7657536.0
9,2587,9834296.0
9,2588,8186440.0
9,2589,7156640.0
9,2590,7167960.0
9,2591,9066144.0
9,2592,5726296.0
9,2593,8436416.0
9,2594,5251848.0
9,2595,7464152.0
9,2596,5870696.0
9,2597,7951336.0
9,2598,6096560.0
9,2599,9263344.0
9,2620,6916536.0
9,2621,9028208.0
9,2622,8749776.0
9,2623,7436472.0
9,2624,6824840.0
9,2625,7444104.0
9,2626,8573832.0
9,2627,6004928.0
9,2628,5042920.0
9,2629,5101176.0
9,2630,5026448.0
9,2631,6471320.0
9,2632,9704128.0
9,2633,6543496.0
9,2634,9122840.0
9,2635,6257872.0
9,2636,6634584.0
9,2637,9582496.0
9,2638,9944016.0
9,2639,7356488.0
9,3540,6478864.0
9,3541,9350592.0
9,3542,6597408.0
9,3543,8854304.0
9,3544,5081840.0
9,3545,7852496.0
9,3546,8325344.0
9,3547,7944024.0
9,3548,6997960.0
9,3549,7820848.0
9,3550,6416584.0
9,3551,6623200.0
9,3552,9616856.0
9,3553,6997832.0
9,3554,7107408.0
9,3555,9152728.0
9,3556,5374440.0
9,3557,8984232.0
9,3558,8121304.0
9,3559,7759312.0
10,2260,5147232.0
10,2261,6690704.0
10,2262,7544536.0
10,2263,8477072.0
10,2264,6937448.0
10,2265,5768000.0
10,2266,5083008.0
10,2269,9596248.0
10,2270,8638064.650757656
10,2271,7347936.0
10,2272,9989296.0
10,2273,6808224.0
10,2274,9172448.0
10,2275,9971896.0
10,2276,9906792.0
10,2277,7148168.0
10,2278,9895328.0
10,2279,5737552.0
10,2300,9788480.0
10,2301,9592904.0
10,2302,7373912.0
10,2303,9058032.0
10,2304,7015680.0
10,2305,9705744.0
10,2306,5568016.0
10,2307,6470280.0
10,2308,8933672.0
10,2309,6721760.0
10,2310,8725088.0
10,2311,6464272.0
10,2312,5210024.0
10,2313,8588616.0
10,2314,8220192.0
10,2315,9696536.0
10,2316,6847032.0
10,2317,5668696.0
10,2318,8254728.0
10,2319,7919040.0
10,2980,6402784.0
10,2981,9703944.0
10,2982,8225792.0
10,2983,7734304.0
10,2984,9493168.0
10,2985,5784472.0
10,2986,5426224.0
10,2987,6905728.0
10,2988,6629960.0
10,2989,6657768.0
10,2990,6906280.0
10,2991,6607160.0
10,2992,8030568.0
10,2993,8897592.0
10,2994,8774424.0
10,2995,8445432.0
10,2996,5613104.0
10,2997,5357456.0
10,2998,8836752.0
10,2999,5551944.0
10,3020,8140856.0
10,3021,9567816.0
10,3022,8959352.0
10,3023,9863936.0
10,3024,7486584.0
10,3025,7349376.0
10,3026,6868432.0
10,3027,9997648.0
10,3028,7109840.0
10,3029,9112352.0
10,3030,9856056.0
10,3031,7377760.0
10,3032,8497112.0
10,3033,5943088.0
10,3034,7759168.0
10,3035,6631888.0
10,3036,6683600.0
10,3037,5113368.0
10,3038,5976408.0
10,3039,5539272.0
10,3620,5096568.0
10,3621,7529944.0
10,3622,9819952.0
10,3623,6102240.0
10,3624,9487520.0
10,3625,6325784.0
10,3626,8017352.0
10,3627,5142264.0
10,3628,9007504.0
10,3629,5718944.0
10,3630,5420304.0
10,3631,8898688.0
10,3632,5488744.0
10,3633,5094704.0
10,3634,9820688.0
10,3635,8557920.0
10,3636,9859016.0
10,3637,7655176.0
10,3638,9865488.0
10,3639,7802536.0
11,1900,7559944.0
11,1910,7540408.0
11,1912,4564014.69786869
11,1913,8119800.0
11,1914,5847296.0
11,1915,7341528.0
11,1919,9503424.0
11,2660,6538696.0
11,2661,6112632.0
11,2662,7511744.0
11,2663,9495712.0
11,2664,5613480.0
11,2665,6143528.0
11,2666,9880232.0
11,2667,9667064.0
11,2668,7959616.0
11,2669,6923688.0
11,2670,7060696.0
11,2671,8545312.0
11,2672,9304104.0
11,2673,8200608.0
11,2674,6289856.0
11,2675,9246168.0
11,2676,6348248.0
11,2677,5732640.0
11,2678,8546888.0
11,2679,5135392.0
11,3520,7857208.0
11,3521,8997128.0
11,3522,7849984.0
11,3523,9142144.0
11,3524,8761808.0
11,3525,6915480.0
11,3526,8801056.0
11,3527,7131592.0
11,3528,8498256.0
11,3529,9189552.0
11,3530,7290784.0
11,3531,5581024.0
11,3532,8399064.0
11,3533,6387272.0
11,3534,8081432.0
11,3535,8661704.0
11,3536,8994776.0
11,3537,8334160.0
11,3538,7581896.0
11,3539,8873328.0
12,4440,8076000.0
12,4441,7114320.0
12,4442,6715912.0
12,4443,9208640.0
12,4444,7871912.0
12,4445,9012784.0
12,4446,5507208.0
12,4447,6956512.0
12,4448,9675400.0
12,4449,9506232.0
12,4450,7324208.0
12,4451,9731448.0
12,4452,7337248.0
12,4453,9140368.0
12,4454,6583528.0
12,4455,8929008.0
12,4456,8607840.0
12,4457,5654336.0
12,4458,5048168.0
12,4459,6114152.0
12,5360,7997256.0
12,5361,5206224.0
12,5362,5482152.0
12,5363,6259888.0
12,5364,5025512.0
12,5365,8267024.0
12,5366,9770088.0
12,5367,5418728.0
12,5368,6827952.0
12,5369,7129784.0
12,5370,5456240.0
12,5371,7735768.0
12,5372,9698632.0
12,5373,8285056.0
12,5374,5197216.0
12,5375,5613872.0
12,5376,7608856.0
12,5377,6822864.0
12,5378,6649776.0
12,5379,6354936.0
12,5400,8336832.0
12,5401,7417896.0
12,5402,6740432.0
12,5403,5918136.0
12,5404,7939656.0
12,5405,6753248.0
12,5406,5501496.0
12,5407,7109784.0
12,5408,6794360.0
12,5409,7114112.0
12,5410,7909504.0
12,5411,7597504.0
12,5412,7483008.0
12,5413,6332216.0
12,5414,7273944.0
12,5415,6619512.0
12,5416,7319120.0
12,5417,9535552.0
12,5418,5930360.0
12,5419,5382800.0
12,6240,9235168.0
12,6241,6729848.0
12,6242,7932624.0
12,6243,9323936.0
12,6244,6325776.0
12,6245,9371520.0
12,6246,6304952.0
12,6247,9477584.0
12,6248,6995232.0
12,6249,7048808.0
12,6250,6294472.0
12,6251,7089024.0
12,6252,7191208.0
12,6253,9049104.0
12,6254,8603848.0
12,6255,5039536.0
12,6256,7439520.0
12,6257,9100160.0
12,6258,6511576.0
12,6259,6131888.0
12,6280,9062928.0
12,6281,8071464.0
12,6282,9107784.0
12,6283,5221304.0
12,6284,8688600.0
12,6285,8883624.0
12,6286,7143192.0
12,6287,5681752.0
12,6288,5543280.0
12,6289,5871136.0
12,6290,6499384.0
12,6291,8047920.0
12,6292,9598824.0
12,6293,7602592.0
12,6294,8716816.0
12,6295,5650472.0
12,6296,5936384.0
12,6297,7115408.0
12,6298,6963864.0
12,6299,7492656.0
12,6300,7556328.0
12,6301,5827744.0
12,6302,5574752.0
12,6303,9711800.0
12,6304,6426272.0
12,6305,7367168.0
12,6306,5831352.0
12,6307,9558040.0
12,6308,8210264.0
12,6309,7902224.0
12,6310,5550320.0
12,6311,9188416.0
12,6312,7588144.0
12,6313,6351144.0
12,6314,6602552.0
12,6315,7445272.0
12,6316,7080304.0
12,6317,8274744.0
12,6318,5103056.0
12,6319,9238960.0
12,7040,8401368.0
12,7041,5584160.0
12,7042,1241089.559215203
12,7043,6609624.0
12,7044,9109440.0
12,7045,8078800.0
12,7046,6147160.0
12,7048,6236296.0
12,7049,5738536.0
12,7050,7422896.0
12,7051,5207048.0
12,7053,8571168.0
12,7054,8943856.0
12,7055,5945520.0
12,7056,8031600.0
12,7057,8952456.0
12,7058,5546776.0
12,7059,6688488.0
14,4380,6448808.0
14,4381,6839136.0
14,4382,7318912.0
14,4383,7686832.0
14,4384,6354648.0
14,4385,9334896.0
14,4386,9702592.0
14,4387,5200600.0
14,4388,9443696.0
14,4389,6342224.0
14,4390,6881024.0
14,4391,5416856.0
14,4392,5064712.0
14,4393,5574992.0
14,4394,9086728.0
14,4395,6820216.0
14,4396,9763944.0
14,4397,7121104.0
14,4398,7800888.0
14,4399,5705152.0
14,5080,9496936.0
14,5081,6299320.0
14,5082,8544480.0
14,5083,6590312.0
14,5084,6431816.0
14,5085,9319936.0
14,5086,7313736.0
14,5087,5236688.0
14,5088,9816112.0
14,5089,9059544.0
14,5090,6950680.0
14,5091,5739072.0
14,5092,6091064.0
14,5093,6961784.0
14,5094,6211632.0
14,5095,7866472.0
14,5096,9735800.0
14,5097,9640752.0
14,5098,5674328.0
14,5099,9337728.0
14,5840,8153120.0
14,5841,5913624.0
14,5842,5897624.0
14,5843,5798456.0
14,5844,8792216.0
14,5845,6656664.0
14,5846,8700488.0
14,5847,7093192.0
14,5848,6897528.0
14,5849,6868592.0
14,5850,5713568.0
14,5851,6540224.0
14,5852,8619216.0
14,5853,7645208.0
14,5854,5971648.0
14,5855,9961712.0
14,5856,5086360.0
14,5857,7353200.0
14,5858,8100112.0
14,5859,6807424.0
14,5882,7704624.0
14,5883,9661368.0
14,5884,8708376.0
14,5885,5073248.0
14,5886,6308432.0
14,5889,5509464.0
14,5891,5862392.0
14,5895,7528672.0
14,5896,5665088.0
14,5897,7537456.0
14,5898,5925140.413026422
14,5899,9719984.0
17,5200,6114736.0
17,5201,9308040.0
17,5202,9099904.0
17,5203,9224760.0
17,5204,5204096.0
17,5205,5595144.0
17,5206,5356360.0
17,5207,6725448.0
17,5208,7458880.0
17,5209,7789408.0
17,5210,7294480.0
17,5211,9974944.0
17,5212,5008656.0
17,5213,9636168.0
17,5214,5184016.0
17,5215,7933864.0
17,5216,7126200.0
17,5217,9786408.0
17,5218,7273096.0
17,5219,9607584.0
17,5320,9686936.0
17,5321,6888600.0
17,5322,5155568.0
17,5323,7068096.0
17,5324,8889616.0
17,5325,8975576.0
17,5326,7990592.0
17,5327,6028680.0
17,5328,8208584.0
17,5329,5909424.0
17,5330,6413352.0
17,5331,9720248.0
17,5332,6472928.0
17,5333,6476576.0
17,5334,8726128.0
17,5335,5461104.0
17,5336,7899928.0
17,5337,7195808.0
17,5338,6222696.0
17,5339,9233360.0
17,6080,6626704.0
17,6081,6996520.0
17,6082,6486056.0
17,6083,6214648.0
17,6084,5795040.0
17,6085,5647144.0
17,6086,9630272.0
17,6087,7493096.0
17,6088,9321600.0
17,6089,7104008.0
17,6090,5703104.0
17,6091,7035864.0
17,6092,7303376.0
17,6093,8209232.0
17,6094,6607464.0
17,6095,5705168.0
17,6096,8064248.0
17,6097,9221960.0
17,6098,9748800.0
17,6099,5447960.0
17,6120,9889960.0
17,6121,7589184.0
17,6122,6930136.0
17,6123,5587080.0
17,6124,6440816.0
17,6125,5699824.0
17,6126,6674264.0
17,6127,7169376.0
17,6128,7123280.0
17,6129,7134464.0
17,6130,5305216.0
17,6131,5846824.0
17,6132,8447688.0
17,6133,9209272.0
17,6134,6828296.0
17,6135,6645496.0
17,6136,7956456.0
17,6137,8318920.0
17,6138,5062064.0
17,6139,9642792.0
17,6142,7174368.0
17,6143,5531141.87333414
17,6144,9949632.0
17,6145,7169736.0
17,6146,9308920.0
17,6148,5754376.0
17,6150,8438032.0
17,6152,9922928.0
17,6153,8315296.0
17,6159,7648576.0
19,1326,7003128.0
19,1335,3286180.7877583653
19,1337,7000784.0
19,1339,7893336.0
19,1340,7644072.0
19,1341,7453040.0
19,1342,8989184.0
19,1343,8715864.0
19,1344,8389704.0
19,1345,5957880.0
19,1346,6568760.0
19,1347,8932720.0
19,1348,9277016.0
19,1349,6496752.0
19,1350,9820360.0
19,1351,5372024.0
19,1352,7679208.0
19,1353,8081960.0
19,1354,9743728.0
19,1355,9447752.0
19,1356,7825768.0
19,1357,9706440.0
19,1358,6220616.0
19,1359,8529376.0
19,2100,6411656.0
19,2101,8246440.0
19,2102,5506064.0
19,2103,5316464.0
19,2104,8221496.0
19,2105,6108056.0
19,2106,5884384.0
19,2107,7095752.0
19,2108,6607360.0
19,2109,5351152.0
19,2110,5752912.0
19,2111,8180232.0
19,2112,7621144.0
19,2113,6465144.0
19,2114,7894376.0
19,2115,7362080.0
19,2116,5523504.0
19,2117,5895576.0
19,2118,9311272.0
19,2119,8829216.0
19,2140,5331736.0
19,2141,6216816.0
19,2142,9354976.0
19,2143,6045960.0
19,2144,9031840.0
19,2145,7728376.0
19,2146,9509224.0
19,2147,7430928.0
19,2148,7297056.0
19,2149,6696424.0
19,2150,8313304.0
19,2151,9673488.0
19,2152,9481240.0
19,2153,6025784.0
19,2154,7089640.0
19,2155,8175280.0
19,2156,6803768.0
19,2157,9960184.0
19,2158,9306496.0
19,2159,8467000.0
19,2860,9557456.0
19,2861,7983488.0
19,2862,6260240.0
19,2863,8824184.0
19,2864,5726696.0
19,2865,8473624.0
19,2866,8291552.0
19,2867,7617040.0
19,2868,7036432.0
19,2869,8987528.0
19,2870,7442920.0
19,2871,6913768.0
19,2872,5108352.0
19,2873,5015880.0
19,2874,8416712.0
19,2875,9876600.0
19,2876,7137288.0
19,2877,8165336.0
19,2878,8553008.0
19,2879,7303592.0
19,2900,7930136.0
19,2901,9135152.0
19,2902,8076816.0
19,2903,6507600.0
19,2904,6875936.0
19,2905,8697320.0
19,2906,6186896.0
19,2907,9181064.0
19,2908,5563832.0
19,2909,7914848.0
19,2910,5360800.0
19,2911,7124120.0
19,2912,7037008.0
19,2913,8573336.0
19,2914,5655864.0
19,2915,5698712.0
19,2916,9268344.0
19,2917,9422608.0
19,2918,7780112.0
19,2919,9021568.0
