slot_zero_based,slot_paper_one_based,scheduled_link_count,transmitted_bits,generated_bits,generated_cumulative_bits,base_received_cumulative_bits,system_undelivered_bits,total_uav_buffer_bits
0,1,0,0.0,0.0,0.0,0.0,0.0,0.0
1,2,0,0.0,0.0,0.0,0.0,0.0,0.0
2,3,0,0.0,0.0,0.0,0.0,0.0,0.0
3,4,0,0.0,0.0,0.0,0.0,0.0,0.0
4,5,0,0.0,0.0,0.0,0.0,0.0,0.0
5,6,0,0.0,0.0,0.0,0.0,0.0,0.0
6,7,0,0.0,0.0,0.0,0.0,0.0,0.0
7,8,0,0.0,0.0,0.0,0.0,0.0,0.0
8,9,0,0.0,0.0,0.0,0.0,0.0,0.0
9,10,0,0.0,0.0,0.0,0.0,0.0,0.0
10,11,0,0.0,0.0,0.0,0.0,0.0,0.0
11,12,0,0.0,0.0,0.0,0.0,0.0,0.0
12,13,0,0.0,0.0,0.0,0.0,0.0,0.0
13,14,0,0.0,0.0,0.0,0.0,0.0,0.0
14,15,0,0.0,0.0,0.0,0.0,0.0,0.0
15,16,0,0.0,0.0,0.0,0.0,0.0,0.0
16,17,0,0.0,0.0,0.0,0.0,0.0,0.0
17,18,0,0.0,0.0,0.0,0.0,0.0,0.0
18,19,0,0.0,0.0,0.0,0.0,0.0,0.0
19,20,0,0.0,0.0,0.0,0.0,0.0,0.0
20,21,0,0.0,0.0,0.0,0.0,0.0,0.0
21,22,0,0.0,0.0,0.0,0.0,0.0,0.0
22,23,0,0.0,0.0,0.0,0.0,0.0,0.0
23,24,0,0.0,0.0,0.0,0.0,0.0,0.0
24,25,0,0.0,0.0,0.0,0.0,0.0,0.0
25,26,0,0.0,0.0,0.0,0.0,0.0,0.0
26,27,0,0.0,0.0,0.0,0.0,0.0,0.0
27,28,0,0.0,0.0,0.0,0.0,0.0,0.0
28,29,0,0.0,0.0,0.0,0.0,0.0,0.0
29,30,0,0.0,0.0,0.0,0.0,0.0,0.0
30,31,0,0.0,0.0,0.0,0.0,0.0,0.0
31,32,0,0.0,0.0,0.0,0.0,0.0,0.0
32,33,0,0.0,0.0,0.0,0.0,0.0,0.0
33,34,0,0.0,0.0,0.0,0.0,0.0,0.0
34,35,0,0.0,0.0,0.0,0.0,0.0,0.0
35,36,0,0.0,0.0,0.0,0.0,0.0,0.0
36,37,0,0.0,0.0,0.0,0.0,0.0,0.0
37,38,0,0.0,0.0,0.0,0.0,0.0,0.0
38,39,0,0.0,0.0,0.0,0.0,0.0,0.0
39,40,0,0.0,16563464.0,16563464.0,0.0,16563464.0,16563464.0
40,41,1,16563464.0,22322368.0,38885832.0,16563464.0,22322368.0,22322368.0
41,42,2,22322368.0,23260136.0,62145968.0,38885832.0,23260136.0,23260136.0
42,43,2,13510546.82430856,26030616.0,88176584.0,52396378.82430856,35780205.17569144,35780205.17569144
43,44,2,31249183.867673468,16976200.0,105152784.0,83645562.69198203,21507221.30801797,21507221.308017973
44,45,2,21507221.308017973,41507944.0,146660728.0,105152784.0,41507944.0,41507944.0
45,46,3,41507944.0,30580440.0,177241168.0,146660728.0,30580440.0,30580440.0
46,47,3,30580440.0,29469248.0,206710416.0,177241168.0,29469248.0,29469248.0
47,48,3,27087924.504666906,25924976.0,232635392.0,204329092.50466692,28306299.495333076,28306299.495333094
48,49,3,21715151.19662956,43693504.0,276328896.0,226044243.70129645,50284652.29870355,50284652.29870354
49,50,4,49757617.298371814,66620824.0,342949720.0,275801860.99966824,67147859.00033176,67147859.00033173
50,51,4,47329491.00033172,49071584.0,392021304.0,323131352.0,68889952.0,68889952.0
51,52,4,38101868.59962769,61109720.0,453131024.0,361233220.5996277,91897803.40037233,91897803.40037231
52,53,4,58308258.751406536,47722200.0,500853224.0,419541479.3510343,81311744.64896572,81311744.64896578
53,54,4,39077003.15673792,93186496.0,594039720.0,458618482.50777215,135421237.49222785,135421237.49222785
54,55,4,58088553.70873454,63047408.0,657087128.0,516707036.21650666,140380091.78349334,140380091.7834933
55,56,4,58367856.83089523,68276824.0,725363952.0,575074893.0474019,150289058.9525981,150289058.9525981
56,57,4,38417942.28166902,98458936.0,823822888.0,613492835.3290709,210330052.67092907,210330052.67092907
57,58,4,55245493.3682603,96060176.0,919883064.0,668738328.6973312,251144735.3026688,251144735.30266875
58,59,4,66050279.3748249,68591736.0,988474800.0,734788608.0721562,253686191.9278438,253686191.9278439
59,60,4,42779552.51260978,105938712.0,1094413512.0,777568160.5847659,316845351.4152341,316845351.4152341
60,61,4,35636627.22588372,60428696.0,1154842208.0,813204787.8106496,341637420.18935037,341637420.1893504
61,62,4,56413125.62638216,107547552.0,1262389760.0,869617913.4370317,392771846.56296825,392771846.5629682
62,63,4,69250357.7863244,74626248.0,1337016008.0,938868271.2233561,398147736.7766439,398147736.7766438
63,64,4,58807790.2815211,67359880.0,1404375888.0,997676061.5048772,406699826.4951228,406699826.4951228
64,65,4,42039210.73856096,99787008.0,1504162896.0,1039715272.2434382,464447623.75656176,464447623.7565618
65,66,4,78294563.48090418,57612168.0,1561775064.0,1118009835.7243423,443765228.27565765,443765228.2756576
66,67,4,68615419.66474745,56931160.0,1618706224.0,1186625255.3890898,432080968.6109102,432080968.6109101
67,68,4,81983108.10102613,60843328.0,1679549552.0,1268608363.4901161,410941188.5098839,410941188.509884
68,69,4,71659412.70622438,37897520.0,1717447072.0,1340267776.1963406,377179295.80365944,377179295.8036596
69,70,4,74289346.18908131,30370944.0,1747818016.0,1414557122.3854218,333260893.61457825,333260893.61457825
70,71,4,65114413.23843172,34651744.0,1782469760.0,1479671535.6238537,302798224.3761463,302798224.37614655
71,72,4,72524967.17444184,70485856.0,1852955616.0,1552196502.7982955,300759113.2017045,300759113.2017047
72,73,4,41625170.00924616,63581488.0,1916537104.0,1593821672.8075414,322715431.1924586,322715431.19245857
73,74,4,17921834.221320726,59236360.0,1975773464.0,1611743507.028862,364029956.971138,364029956.9711379
74,75,4,33272107.94539996,59223160.0,2034996624.0,1645015614.974262,389981009.025738,389981009.0257379
75,76,4,61471312.26393074,75317576.0,2110314200.0,1706486927.2381928,403827272.7618072,403827272.76180714
76,77,4,31464789.397506148,59078824.0,2169393024.0,1737951716.635699,431441307.36430097,431441307.36430097
77,78,4,61249908.985106885,94491936.0,2263884960.0,1799201625.6208057,464683334.37919426,464683334.3791941
78,79,4,101134499.42888731,96093112.0,2359978072.0,1900336125.049693,459641946.9503069,459641946.9503068
79,80,4,115149046.46868002,74669600.0,2434647672.0,2015485171.5183733,419162500.48162675,419162500.48162675
80,81,4,107164739.16469806,89556712.0,2524204384.0,2122649910.6830714,401554473.3169286,401554473.31692874
81,82,4,70249643.19411731,81911344.0,2606115728.0,2192899553.8771887,413216174.1228113,413216174.12281144
82,83,4,63821619.983725816,81182200.0,2687297928.0,2256721173.860914,430576754.13908577,430576754.13908565
83,84,4,103923524.85652675,80253544.0,2767551472.0,2360644698.717441,406906773.2825589,406906773.2825588
84,85,4,101527199.27173775,58522560.0,2826074032.0,2462171897.9891787,363902134.01082134,363902134.0108211
85,86,4,101131252.89555252,71767856.0,2897841888.0,2563303150.8847313,334538737.1152687,334538737.1152686
86,87,4,99745203.82051457,43951472.0,2941793360.0,2663048354.705246,278745005.294754,278745005.294754
87,88,4,122622093.33555767,55940008.0,2997733368.0,2785670448.040804,212062919.9591961,212062919.95919633
88,89,4,26548731.686854698,71493704.0,3069227072.0,2812219179.7276583,257007892.27234173,257007892.2723416
89,90,4,36838634.242053315,75827000.0,3145054072.0,2849057813.969712,295996258.0302882,295996258.03028834
90,91,4,44406228.81984682,70264632.0,3215318704.0,2893464042.7895584,321854661.2104416,321854661.21044147
91,92,4,113985698.80640098,60476024.0,3275794728.0,3007449741.5959597,268344986.40404034,268344986.40404052
92,93,4,65373655.37008615,55677872.0,3331472600.0,3072823396.966046,258649203.03395414,258649203.03395438
93,94,4,77307976.87679929,58544440.0,3390017040.0,3150131373.842845,239885666.15715504,239885666.1571551
94,95,4,53280965.04330732,89808848.0,3479825888.0,3203412338.8861523,276413549.11384773,276413549.1138478
95,96,4,30367337.823573925,81327928.0,3561153816.0,3233779676.7097263,327374139.29027367,327374139.2902738
96,97,4,41554110.633464836,89908464.0,3651062280.0,3275333787.343191,375728492.65680885,375728492.656809
97,98,4,56764690.84440824,67948344.0,3719010624.0,3332098478.187599,386912145.8124008,386912145.8124008
98,99,4,35197644.87194904,65325632.0,3784336256.0,3367296123.0595484,417040132.9404516,417040132.94045174
99,100,4,66083125.5354137,62354752.0,3846691008.0,3433379248.594962,413311759.4050379,413311759.405038
100,101,4,46649211.79560516,90748432.0,3937439440.0,3480028460.390567,457410979.6094332,457410979.6094329
101,102,4,35653589.36806126,41310296.0,3978749736.0,3515682049.7586284,463067686.24137163,463067686.24137163
102,103,4,65042097.90271966,52226872.0,4030976608.0,3580724147.6613483,450252460.33865166,450252460.33865196
103,104,4,54464693.780094616,37046152.0,4068022760.0,3635188841.441443,432833918.55855703,432833918.55855733
104,105,4,84136809.64355373,23915720.0,4091938480.0,3719325651.0849967,372612828.9150033,372612828.91500366
105,106,4,70932081.62457447,38575032.0,4130513512.0,3790257732.709571,340255779.2904291,340255779.2904291
106,107,4,27377868.890957423,13868552.0,4144382064.0,3817635601.6005282,326746462.39947176,326746462.3994717
107,108,4,51967379.08439523,25947792.0,4170329856.0,3869602980.684923,300726875.3150768,300726875.3150765
108,109,4,75107063.66971931,6373320.0,4176703176.0,3944710044.354643,231993131.64535713,231993131.6453572
109,110,4,27310336.1231111,0.0,4176703176.0,3972020380.477754,204682795.52224588,204682795.52224606
110,111,4,29895783.629019916,0.0,4176703176.0,4001916164.1067734,174787011.89322662,174787011.89322615
111,112,4,35297424.803981505,0.0,4176703176.0,4037213588.910755,139489587.08924484,139489587.08924466
112,113,3,43641906.70445899,0.0,4176703176.0,4080855495.6152143,95847680.38478565,95847680.38478568
113,114,2,43733337.57990876,0.0,4176703176.0,4124588833.195123,52114342.804876804,52114342.80487693
114,115,2,35087251.70760588,15147064.0,4191850240.0,4159676084.902729,32174155.097270966,32174155.09727104
115,116,2,19288167.867514204,28539360.0,4220389600.0,4178964252.770243,41425347.22975683,41425347.22975683
116,117,2,15255963.798366513,14946008.0,4235335608.0,4194220216.5686097,41115391.431390285,41115391.431390315
117,118,2,20704225.63360707,23234152.0,4258569760.0,4214924442.2022166,43645317.797783375,43645317.79778325
118,119,2,30348062.444605023,50711240.0,4309281000.0,4245272504.646822,64008495.353178024,64008495.353178225
119,120,4,35482035.28601754,43356736.0,4352637736.0,4280754539.9328394,71883196.0671606,71883196.0671607
120,121,4,35378796.35616849,46693104.0,4399330840.0,4316133336.289008,83197503.71099186,83197503.71099219
121,122,4,31622723.474513084,98034528.0,4497365368.0,4347756059.763521,149609308.2364788,149609308.2364791
122,123,4,36215555.5195325,88129928.0,4585495296.0,4383971615.283053,201523680.7169466,201523680.7169466
123,124,4,36825536.93578367,108980872.0,4694476168.0,4420797152.218837,273679015.7811632,273679015.7811629
124,125,4,43942657.248905115,80636392.0,4775112560.0,4464739809.467742,310372750.53225803,310372750.53225785
125,126,4,37646566.44355385,89610960.0,4864723520.0,4502386375.911296,362337144.0887041,362337144.088704
126,127,4,64126101.45450639,156742608.0,5021466128.0,4566512477.365803,454953650.63419724,454953650.6341976
127,128,4,56201107.489594854,121410552.0,5142876680.0,4622713584.855397,520163095.1446028,520163095.1446027
128,129,4,63028694.80189198,90876120.0,5233752800.0,4685742279.6572895,548010520.3427105,548010520.3427107
129,130,4,38009593.80920674,130692096.0,5364444896.0,4723751873.4664955,640693022.5335045,640693022.533504
130,131,4,32373459.23028396,115733240.0,5480178136.0,4756125332.696779,724052803.3032207,724052803.30322
131,132,4,22366700.157920565,140894176.0,5621072312.0,4778492032.8547,842580279.1452999,842580279.1452994
132,133,4,20798218.800877806,134097160.0,5755169472.0,4799290251.655579,955879220.3444214,955879220.3444217
133,134,4,29730696.364248108,118637712.0,5873807184.0,4829020948.019827,1044786235.9801731,1044786235.9801736
134,135,4,32064187.700508106,89702064.0,5963509248.0,4861085135.720334,1102424112.279666,1102424112.2796655
135,136,4,59040489.553521685,73244360.0,6036753608.0,4920125625.273856,1116627982.7261438,1116627982.7261438
136,137,4,54553914.87948063,101543352.0,6138296960.0,4974679540.1533375,1163617419.8466625,1163617419.8466632
137,138,4,28385299.453718446,69994176.0,6208291136.0,5003064839.607056,1205226296.3929443,1205226296.3929448
138,139,4,61549187.75463383,83381248.0,6291672384.0,5064614027.36169,1227058356.6383104,1227058356.638311
139,140,4,38121229.2162941,49229224.0,6340901608.0,5102735256.577984,1238166351.4220161,1238166351.4220169
140,141,4,65147872.036815226,63890208.0,6404791816.0,5167883128.614799,1236908687.3852015,1236908687.3852017
141,142,4,49703744.49907565,32962872.0,6437754688.0,5217586873.113874,1220167814.8861256,1220167814.8861258
142,143,4,54461713.78819098,43517600.0,6481272288.0,5272048586.902065,1209223701.0979347,1209223701.0979347
143,144,4,42973727.080796175,46279800.0,6527552088.0,5315022313.982861,1212529774.0171394,1212529774.0171387
144,145,4,46289466.90166797,46281624.0,6573833712.0,5361311780.884529,1212521931.115471,1212521931.115471
145,146,4,59757382.62520658,52990048.0,6626823760.0,5421069163.509736,1205754596.490264,1205754596.4902642
146,147,4,19155621.770774815,14457048.0,6641280808.0,5440224785.28051,1201056022.71949,1201056022.7194893
147,148,4,28202949.449308418,28182160.0,6669462968.0,5468427734.729819,1201035233.2701807,1201035233.270181
148,149,4,26365249.18222079,16492592.0,6685955560.0,5494792983.912041,1191162576.0879593,1191162576.08796
149,150,4,54366936.81839528,31384320.0,6717339880.0,5549159920.730435,1168179959.2695646,1168179959.2695649
150,151,4,43114658.61033932,46606288.0,6763946168.0,5592274579.340775,1171671588.6592255,1171671588.6592255
151,152,4,10648491.790696688,66655768.0,6830601936.0,5602923071.131472,1227678864.8685284,1227678864.8685288
152,153,4,40330698.20137288,53936408.0,6884538344.0,5643253769.332844,1241284574.6671562,1241284574.667156
153,154,4,75841794.78862906,62158872.0,6946697216.0,5719095564.121473,1227601651.8785267,1227601651.878527
154,155,4,41221527.72126073,58279840.0,7004977056.0,5760317091.842734,1244659964.1572657,1244659964.1572661
155,156,4,59478115.347714186,70893008.0,7075870064.0,5819795207.190448,1256074856.8095522,1256074856.809552
156,157,4,46022793.60689354,50072568.0,7125942632.0,5865818000.79734,1260124631.2026596,1260124631.2026584
157,158,4,18933199.665350083,55401752.0,7181344384.0,5884751200.46269,1296593183.5373096,1296593183.5373085
158,159,4,36938753.8613356,43936992.0,7225281376.0,5921689954.324028,1303591421.675972,1303591421.6759727
159,160,4,40257552.29817234,83054104.0,7308335480.0,5961947506.622199,1346387973.377801,1346387973.3778007
160,161,4,26402278.415868264,82286640.0,7390622120.0,5988349785.038068,1402272334.9619322,1402272334.9619322
161,162,4,10707252.531210706,101745496.0,7492367616.0,5999057037.569279,1493310578.4307213,1493310578.4307215
162,163,4,24378894.08780747,75647808.0,7568015424.0,6023435931.657086,1544579492.3429136,1544579492.342914
163,164,4,45499340.66461825,81350688.0,7649366112.0,6068935272.321704,1580430839.678296,1580430839.6782959
164,165,4,22233970.239685792,99160744.0,7748526856.0,6091169242.56139,1657357613.43861,1657357613.43861
165,166,4,49424246.32681504,69998552.0,7818525408.0,6140593488.888205,1677931919.1117954,1677931919.111795
166,167,4,76146517.41403754,118221888.0,7936747296.0,6216740006.302242,1720007289.6977577,1720007289.6977575
167,168,4,57102892.1304276,81387816.0,8018135112.0,6273842898.43267,1744292213.5673304,1744292213.5673296
168,169,4,44211077.382914685,88145584.0,8106280696.0,6318053975.815584,1788226720.1844158,1788226720.184415
169,170,4,44720333.15244741,137286360.0,8243567056.0,6362774308.968033,1880792747.0319672,1880792747.0319679
170,171,4,38131065.83031279,155065984.0,8398633040.0,6400905374.798346,1997727665.2016544,1997727665.2016551
171,172,4,42427605.79878412,152272544.0,8550905584.0,6443332980.597129,2107572603.4028711,2107572603.402871
172,173,4,48862901.6488545,139573552.0,8690479136.0,6492195882.245983,2198283253.754017,2198283253.7540164
173,174,4,49538025.29033575,94322520.0,8784801656.0,6541733907.53632,2243067748.4636803,2243067748.4636807
174,175,4,30057101.137864757,107724016.0,8892525672.0,6571791008.674184,2320734663.325816,2320734663.325816
175,176,4,48990531.22648919,88756384.0,8981282056.0,6620781539.900673,2360500516.099327,2360500516.0993266
176,177,4,12946082.24971266,100064680.0,9081346736.0,6633727622.150387,2447619113.849613,2447619113.8496137
177,178,4,41078193.736811854,68308672.0,9149655408.0,6674805815.8871975,2474849592.1128025,2474849592.112802
178,179,4,43409309.8718861,50466432.0,9200121840.0,6718215125.759085,2481906714.2409153,2481906714.240916
179,180,4,30384409.917017,52954784.0,9253076624.0,6748599535.676102,2504477088.3238983,2504477088.323899
180,181,4,20216268.94487531,50020912.0,9303097536.0,6768815804.620976,2534281731.3790236,2534281731.3790236
181,182,4,43148891.012682855,40283136.0,9343380672.0,6811964695.633659,2531415976.3663406,2531415976.3663406
182,183,4,40015865.23255782,40286384.0,9383667056.0,6851980560.866217,2531686495.1337833,2531686495.133783
183,184,4,58901484.22562243,11869952.0,9395537008.0,6910882045.09184,2484654962.90816,2484654962.9081607
184,185,4,22728204.768437818,9447352.0,9404984360.0,6933610249.860277,2471374110.139723,2471374110.139723
185,186,4,45185668.4019603,0.0,9404984360.0,6978795918.262238,2426188441.7377625,2426188441.7377625
186,187,4,38131551.91400054,0.0,9404984360.0,7016927470.176239,2388056889.823761,2388056889.823762
187,188,4,29153966.589682512,0.0,9404984360.0,7046081436.765921,2358902923.2340794,2358902923.2340794
188,189,4,31064780.367252536,21282120.0,9426266480.0,7077146217.133173,2349120262.866827,2349120262.866827
189,190,4,31592937.408958703,5329272.0,9431595752.0,7108739154.542131,2322856597.4578686,2322856597.457868
190,191,4,15239930.572113806,41538800.0,9473134552.0,7123979085.114246,2349155466.8857536,2349155466.885754
191,192,4,8313916.205533734,41337440.0,9514471992.0,7132293001.319779,2382178990.6802206,2382178990.6802206
192,193,4,39928971.676153526,36230160.0,9550702152.0,7172221972.995934,2378480179.0040665,2378480179.004067
193,194,4,12875387.291796995,36972216.0,9587674368.0,7185097360.287729,2402577007.7122707,2402577007.7122703
194,195,4,86145748.39979747,61853080.0,9649527448.0,7271243108.687527,2378284339.3124733,2378284339.3124723
195,196,4,31835790.126266807,69242016.0,9718769464.0,7303078898.813793,2415690565.186207,2415690565.186206
196,197,4,10418360.063261058,86503384.0,9805272848.0,7313497258.877055,2491775589.122945,2491775589.122945
197,198,4,16517249.43991628,63488336.0,9868761184.0,7330014508.316972,2538746675.683028,2538746675.6830287
198,199,4,44708380.330542445,96269296.0,9965030480.0,7374722888.647514,2590307591.3524857,2590307591.352486
199,200,4,30670514.574271392,124424592.0,10089455072.0,7405393403.221785,2684061668.7782154,2684061668.7782145
200,201,4,18853546.253077056,112442096.0,10201897168.0,7424246949.474862,2777650218.525138,2777650218.5251374
201,202,4,22943547.080140226,129915960.0,10331813128.0,7447190496.555002,2884622631.444998,2884622631.444998
202,203,4,27649667.46051477,119987792.0,10451800920.0,7474840164.015517,2976960755.984483,2976960755.984483
203,204,4,13092241.442138378,131404472.0,10583205392.0,7487932405.457655,3095272986.542345,3095272986.542344
204,205,4,11216987.336566465,84949920.0,10668155312.0,7499149392.794222,3169005919.205778,3169005919.205778
205,206,4,9997752.357048444,119862552.0,10788017864.0,7509147145.151271,3278870718.848729,3278870718.848729
206,207,4,19907035.602943793,114730776.0,10902748640.0,7529054180.754215,3373694459.2457848,3373694459.245785
207,208,4,25852429.97643528,121424528.0,11024173168.0,7554906610.73065,3469266557.26935,3469266557.26935
208,209,4,23764342.325668033,148302712.0,11172475880.0,7578670953.056318,3593804926.9436817,3593804926.943682
209,210,4,22818338.142870538,113823784.0,11286299664.0,7601489291.199188,3684810372.800812,3684810372.800812
210,211,4,51243594.74814962,130569576.0,11416869240.0,7652732885.947338,3764136354.052662,3764136354.052662
211,212,4,12726457.98545924,89026848.0,11505896088.0,7665459343.932797,3840436744.0672026,3840436744.0672026
212,213,4,32474930.617122665,124621736.0,11630517824.0,7697934274.54992,3932583549.45008,3932583549.45008
213,214,4,17083759.669431787,101121952.0,11731639776.0,7715018034.219351,4016621741.780649,4016621741.780648
214,215,4,24052382.336519584,55419632.0,11787059408.0,7739070416.555871,4047988991.444129,4047988991.4441285
215,216,4,30768303.954864584,55962032.0,11843021440.0,7769838720.510736,4073182719.4892635,4073182719.489264
216,217,4,22564659.020638615,70952464.0,11913973904.0,7792403379.531374,4121570524.468626,4121570524.468626
217,218,4,13129560.154815579,62492448.0,11976466352.0,7805532939.686191,4170933412.3138094,4170933412.31381
218,219,4,19271261.409837216,76623632.0,12053089984.0,7824804201.096027,4228285782.9039726,4228285782.9039726
219,220,4,29668868.815227434,34666960.0,12087756944.0,7854473069.911255,4233283874.088745,4233283874.0887456
220,221,4,20732577.294825874,49975432.0,12137732376.0,7875205647.20608,4262526728.7939196,4262526728.7939196
221,222,4,26303563.66435848,30592384.0,12168324760.0,7901509210.87044,4266815549.1295605,4266815549.1295614
222,223,4,32515182.30270019,23154136.0,12191478896.0,7934024393.173139,4257454502.8268614,4257454502.826861
223,224,4,17300888.275586247,26299800.0,12217778696.0,7951325281.448725,4266453414.5512753,4266453414.551275
224,225,4,22356964.724858657,6795352.0,12224574048.0,7973682246.173584,4250891801.826416,4250891801.826416
225,226,4,34296169.1257092,5995920.0,12230569968.0,8007978415.2992935,4222591552.7007065,4222591552.7007065
226,227,4,22134644.51725243,17035960.0,12247605928.0,8030113059.8165455,4217492868.1834545,4217492868.183454
227,228,4,19998954.329713978,9894272.0,12257500200.0,8050112014.146259,4207388185.8537407,4207388185.8537397
228,229,4,55471852.38379009,18095512.0,12275595712.0,8105583866.53005,4170011845.4699497,4170011845.4699497
229,230,4,32058797.0743012,17780704.0,12293376416.0,8137642663.604351,4155733752.395649,4155733752.395649
230,231,4,12407713.974023592,44717128.0,12338093544.0,8150050377.578375,4188043166.421625,4188043166.421624
231,232,4,32346111.35724912,35125344.0,12373218888.0,8182396488.935623,4190822399.064377,4190822399.0643754
232,233,4,28034262.98701227,35361360.0,12408580248.0,8210430751.922636,4198149496.077364,4198149496.0773635
233,234,4,22680232.60148896,47924952.0,12456505200.0,8233110984.524124,4223394215.475876,4223394215.475875
234,235,4,36081921.1041255,41967352.0,12498472552.0,8269192905.62825,4229279646.37175,4229279646.3717494
235,236,4,16549546.45610635,57941408.0,12556413960.0,8285742452.084356,4270671507.9156437,4270671507.9156427
236,237,4,36872999.093858525,92512536.0,12648926496.0,8322615451.178215,4326311044.821785,4326311044.821785
237,238,4,32919412.815215383,69051512.0,12717978008.0,8355534863.99343,4362443144.00657,4362443144.006569
238,239,4,14465147.262957053,83773344.0,12801751352.0,8370000011.256388,4431751340.743612,4431751340.743612
239,240,4,35449089.203575574,86543360.0,12888294712.0,8405449100.459963,4482845611.540037,4482845611.540037
240,241,4,51217325.355327666,85954032.0,12974248744.0,8456666425.81529,4517582318.18471,4517582318.18471
241,242,4,20161679.65248586,104582120.0,13078830864.0,8476828105.467777,4602002758.532223,4602002758.532223
242,243,4,35350424.270981744,115232664.0,13194063528.0,8512178529.738759,4681884998.261241,4681884998.261241
243,244,4,37861694.14623062,88456392.0,13282519920.0,8550040223.88499,4732479696.11501,4732479696.115011
244,245,4,13666643.191039868,93725016.0,13376244936.0,8563706867.07603,4812538068.92397,4812538068.923971
245,246,4,41103707.719527565,113881600.0,13490126536.0,8604810574.795557,4885315961.204443,4885315961.204443
246,247,4,29297295.068593986,87954408.0,13578080944.0,8634107869.864151,4943973074.135849,4943973074.13585
247,248,4,52305101.72167703,132595024.0,13710675968.0,8686412971.585827,5024262996.414173,5024262996.414174
248,249,4,25828809.02554061,133546496.0,13844222464.0,8712241780.611368,5131980683.388632,5131980683.388633
249,250,4,34717773.238478184,93813984.0,13938036448.0,8746959553.849846,5191076894.150154,5191076894.150154
250,251,4,23167926.582507312,114286488.0,14052322936.0,8770127480.432354,5282195455.567646,5282195455.567647
251,252,4,27605231.740929797,74418856.0,14126741792.0,8797732712.173283,5329009079.826717,5329009079.826716
252,253,4,32935788.289952453,88764752.0,14215506544.0,8830668500.463238,5384838043.536762,5384838043.536763
253,254,4,61547275.8934511,64773240.0,14280279784.0,8892215776.356688,5388064007.643312,5388064007.643313
254,255,4,22041954.155286916,59174744.0,14339454528.0,8914257730.511974,5425196797.488026,5425196797.488027
255,256,4,21901305.53236459,67487384.0,14406941912.0,8936159036.044338,5470782875.955662,5470782875.955662
256,257,4,22645687.77023965,75050808.0,14481992720.0,8958804723.814579,5523187996.185421,5523187996.185422
257,258,4,57720904.411644824,66987992.0,14548980712.0,9016525628.226223,5532455083.773777,5532455083.773777
258,259,4,16262090.55732413,66456536.0,14615437248.0,9032787718.783546,5582649529.216454,5582649529.216454
259,260,4,24520502.02060649,39490184.0,14654927432.0,9057308220.804153,5597619211.195847,5597619211.1958475
260,261,4,44997588.431731336,42393208.0,14697320640.0,9102305809.235886,5595014830.764114,5595014830.764116
261,262,4,17588307.01553514,13274648.0,14710595288.0,9119894116.25142,5590701171.748581,5590701171.74858
262,263,4,24228416.830400728,20751864.0,14731347152.0,9144122533.081821,5587224618.918179,5587224618.918179
263,264,4,35532365.87536355,44896792.0,14776243944.0,9179654898.957184,5596589045.042816,5596589045.042816
264,265,4,33844907.554291934,23790632.0,14800034576.0,9213499806.511475,5586534769.488525,5586534769.4885235
265,266,4,29311836.327548675,41040320.0,14841074896.0,9242811642.839025,5598263253.1609745,5598263253.160975
266,267,4,46409374.99068637,23115808.0,14864190704.0,9289221017.829712,5574969686.170288,5574969686.170289
267,268,4,36983513.5045398,26833984.0,14891024688.0,9326204531.334251,5564820156.665749,5564820156.665749
268,269,4,25276067.47969315,48578248.0,14939602936.0,9351480598.813946,5588122337.186054,5588122337.186056
269,270,4,30165017.78439115,17756312.0,14957359248.0,9381645616.598335,5575713631.401665,5575713631.401665
270,271,4,32137491.48650698,12741944.0,14970101192.0,9413783108.084843,5556318083.915157,5556318083.915157
271,272,4,28517107.51658525,5365408.0,14975466600.0,9442300215.601429,5533166384.398571,5533166384.398572
272,273,4,42655788.95343351,23655336.0,14999121936.0,9484956004.554863,5514165931.445137,5514165931.445139
273,274,4,28918631.232402,25979032.0,15025100968.0,9513874635.787266,5511226332.212734,5511226332.212737
274,275,4,32780458.735889986,36462080.0,15061563048.0,9546655094.523153,5514907953.476847,5514907953.476847
275,276,4,23651355.524860658,45148920.0,15106711968.0,9570306450.048016,5536405517.951984,5536405517.951986
276,277,4,31304341.80278118,34996864.0,15141708832.0,9601610791.850796,5540098040.149204,5540098040.149205
277,278,4,46329739.20531563,69481440.0,15211190272.0,9647940531.05611,5563249740.94389,5563249740.94389
278,279,4,47700355.477025956,47000456.0,15258190728.0,9695640886.533138,5562549841.466862,5562549841.466864
279,280,4,27207874.45757926,48023520.0,15306214248.0,9722848760.990715,5583365487.009285,5583365487.009284
280,281,4,13925188.270710437,55858608.0,15362072856.0,9736773949.261425,5625298906.738575,5625298906.738574
281,282,4,28044759.606281966,55444080.0,15417516936.0,9764818708.867708,5652698227.132292,5652698227.132292
282,283,4,9986985.347116318,103851264.0,15521368200.0,9774805694.214825,5746562505.785175,5746562505.785175
283,284,4,44138929.95619935,106570352.0,15627938552.0,9818944624.171024,5808993927.828976,5808993927.828977
284,285,4,32554449.43972241,79129368.0,15707067920.0,9851499073.610746,5855568846.389254,5855568846.389255
285,286,4,24624044.039904565,111417744.0,15818485664.0,9876123117.65065,5942362546.34935,5942362546.349349
286,287,4,15489556.989099877,129141432.0,15947627096.0,9891612674.639751,6056014421.360249,6056014421.3602495
287,288,4,28576769.362790063,84678560.0,16032305656.0,9920189444.00254,6112116211.997459,6112116211.997459
288,289,4,22497152.362556983,123944704.0,16156250360.0,9942686596.365099,6213563763.634901,6213563763.634902
289,290,4,41457412.07192698,82874328.0,16239124688.0,9984144008.437027,6254980679.562973,6254980679.562975
290,291,4,23368519.17032213,84040624.0,16323165312.0,10007512527.607346,6315652784.392654,6315652784.392653
291,292,4,38582931.65328539,98802944.0,16421968256.0,10046095459.260632,6375872796.739368,6375872796.7393675
292,293,4,23996877.576697044,69541560.0,16491509816.0,10070092336.83733,6421417479.16267,6421417479.162669
293,294,4,43018925.29123553,82732192.0,16574242008.0,10113111262.128563,6461130745.871437,6461130745.871434
294,295,4,35251063.25735214,88337272.0,16662579280.0,10148362325.385916,6514216954.614084,6514216954.614081
295,296,4,36040018.76704981,85092328.0,16747671608.0,10184402344.152967,6563269263.847033,6563269263.847032
296,297,4,12562011.860298377,64200744.0,16811872352.0,10196964356.013266,6614907995.986734,6614907995.986733
297,298,4,26189194.509115547,50958056.0,16862830408.0,10223153550.52238,6639676857.477619,6639676857.477618
298,299,4,18105735.98794302,37661592.0,16900492000.0,10241259286.510323,6659232713.489677,6659232713.489676
299,300,4,28202903.774888713,30939456.0,16931431456.0,10269462190.285212,6661969265.714788,6661969265.7147875
300,301,4,27730832.919431336,25711616.0,16957143072.0,10297193023.204643,6659950048.795357,6659950048.795357
301,302,4,28342223.467479724,21026048.0,16978169120.0,10325535246.672123,6652633873.327877,6652633873.327876
302,303,4,36048449.403218694,18037368.0,16996206488.0,10361583696.075342,6634622791.924658,6634622791.924658
303,304,4,9842856.680845628,24610904.0,17020817392.0,10371426552.756187,6649390839.243813,6649390839.243813
304,305,4,43030684.290964894,39127528.0,17059944920.0,10414457237.047153,6645487682.952847,6645487682.952847
305,306,4,20048188.17843509,32731936.0,17092676856.0,10434505425.225588,6658171430.774412,6658171430.774412
306,307,4,29789988.98244096,29602336.0,17122279192.0,10464295414.208027,6657983777.791973,6657983777.791971
307,308,4,10747655.74918901,39304400.0,17161583592.0,10475043069.957218,6686540522.042782,6686540522.042781
308,309,4,25698080.511462018,46933800.0,17208517392.0,10500741150.46868,6707776241.531321,6707776241.531321
309,310,4,14398226.663881753,67624640.0,17276142032.0,10515139377.13256,6761002654.867439,6761002654.867437
310,311,4,34990059.14911184,90554416.0,17366696448.0,10550129436.281673,6816567011.718327,6816567011.718326
311,312,4,29477998.735539816,85347496.0,17452043944.0,10579607435.017214,6872436508.982786,6872436508.982787
312,313,4,28400726.222841367,89266120.0,17541310064.0,10608008161.240055,6933301902.759945,6933301902.759945
313,314,4,10877166.276686292,90148672.0,17631458736.0,10618885327.516743,7012573408.483257,7012573408.483259
314,315,4,26270808.4864209,99773496.0,17731232232.0,10645156136.003162,7086076095.996838,7086076095.996838
315,316,4,15269310.786299713,110789544.0,17842021776.0,10660425446.789463,7181596329.210537,7181596329.210538
316,317,4,26713260.557826366,116860216.0,17958881992.0,10687138707.347288,7271743284.652712,7271743284.652712
317,318,4,12850995.590893209,103136896.0,18062018888.0,10699989702.938183,7362029185.061817,7362029185.061819
318,319,4,18307258.36164528,93230888.0,18155249776.0,10718296961.299828,7436952814.700172,7436952814.700173
319,320,4,19944048.867861826,105090200.0,18260339976.0,10738241010.167688,7522098965.832312,7522098965.832312
320,321,4,16136156.245069724,102856584.0,18363196560.0,10754377166.412758,7608819393.587242,7608819393.587242
321,322,4,31668102.787104264,123653056.0,18486849616.0,10786045269.199863,7700804346.800137,7700804346.8001375
322,323,4,17281397.642848846,119621960.0,18606471576.0,10803326666.84271,7803144909.1572895,7803144909.157288
323,324,4,32027726.7890526,90603760.0,18697075336.0,10835354393.631763,7861720942.368237,7861720942.368237
324,325,4,28172065.22388898,98469192.0,18795544528.0,10863526458.855652,7932018069.144348,7932018069.144347
325,326,4,27102060.607954904,77782408.0,18873326936.0,10890628519.463608,7982698416.536392,7982698416.536392
326,327,4,21271876.41281484,73990784.0,18947317720.0,10911900395.876423,8035417324.123577,8035417324.123578
327,328,4,44278489.23820897,117479880.0,19064797600.0,10956178885.114632,8108618714.885368,8108618714.885369
328,329,4,40296947.179477245,68856312.0,19133653912.0,10996475832.29411,8137178079.705891,8137178079.705891
329,330,4,35338295.60072131,110254240.0,19243908152.0,11031814127.89483,8212094024.105169,8212094024.105169
330,331,4,10745868.573664188,98630624.0,19342538776.0,11042559996.468494,8299978779.531506,8299978779.531505
331,332,4,23280086.57535422,107132168.0,19449670944.0,11065840083.04385,8383830860.95615,8383830860.956152
332,333,4,14412228.372281933,93685680.0,19543356624.0,11080252311.416132,8463104312.583868,8463104312.583869
333,334,4,30818569.77850511,56403136.0,19599759760.0,11111070881.194635,8488688878.805365,8488688878.805366
334,335,4,9848168.445501186,96636480.0,19696396240.0,11120919049.640137,8575477190.359863,8575477190.359864
335,336,4,14089370.651235117,62555544.0,19758951784.0,11135008420.29137,8623943363.70863,8623943363.708628
336,337,4,30129129.60177478,59998432.0,19818950216.0,11165137549.893147,8653812666.106853,8653812666.106853
337,338,4,20793408.714345876,43362736.0,19862312952.0,11185930958.607492,8676381993.392508,8676381993.392508
338,339,4,55707188.374677874,44863784.0,19907176736.0,11241638146.98217,8665538589.01783,8665538589.01783
339,340,4,25617541.49639433,41142240.0,19948318976.0,11267255688.478563,8681063287.521437,8681063287.521435
340,341,4,19386546.50331333,30858384.0,19979177360.0,11286642234.981876,8692535125.018124,8692535125.018122
341,342,4,27868212.68073687,25594400.0,20004771760.0,11314510447.662615,8690261312.337385,8690261312.337385
342,343,4,37253783.50279398,14414312.0,20019186072.0,11351764231.16541,8667421840.83459,8667421840.83459
343,344,4,32419750.50154666,6794272.0,20025980344.0,11384183981.666954,8641796362.333046,8641796362.333044
344,345,4,16051971.784106523,17398120.0,20043378464.0,11400235953.451061,8643142510.548939,8643142510.548937
345,346,4,16175057.458461259,22664080.0,20066042544.0,11416411010.909523,8649631533.090477,8649631533.090477
346,347,4,26836160.54764381,14463800.0,20080506344.0,11443247171.457169,8637259172.542831,8637259172.542833
347,348,4,18308009.267151836,39636512.0,20120142856.0,11461555180.72432,8658587675.27568,8658587675.27568
348,349,4,27972742.916335206,50366696.0,20170509552.0,11489527923.640656,8680981628.359344,8680981628.359344
349,350,4,31933882.869383067,76232544.0,20246742096.0,11521461806.510036,8725280289.489964,8725280289.489964
350,351,4,21646263.503970608,57337336.0,20304079432.0,11543108070.014008,8760971361.985992,8760971361.985992
351,352,4,30093184.15830623,61988936.0,20366068368.0,11573201254.172314,8792867113.827686,8792867113.827686
352,353,4,29922262.508359455,82113968.0,20448182336.0,11603123516.680674,8845058819.319326,8845058819.319326
353,354,4,10673667.94953503,70629496.0,20518811832.0,11613797184.630209,8905014647.369791,8905014647.369791
354,355,4,19419410.775051307,149809552.0,20668621384.0,11633216595.405262,9035404788.594738,9035404788.594738
355,356,4,15181222.696525283,120122520.0,20788743904.0,11648397818.101786,9140346085.898214,9140346085.898212
356,357,4,39915915.3470487,132358704.0,20921102608.0,11688313733.448833,9232788874.551167,9232788874.551165
357,358,4,37938605.35835853,114360752.0,21035463360.0,11726252338.807194,9309211021.192806,9309211021.192806
358,359,4,28272483.07725469,112491616.0,21147954976.0,11754524821.884447,9393430154.115553,9393430154.115551
359,360,4,23925325.604028534,114789984.0,21262744960.0,11778450147.488476,9484294812.511524,9484294812.511524
360,361,4,22837190.569431677,157032608.0,21419777568.0,11801287338.057907,9618490229.942093,9618490229.942091
361,362,4,26236572.037498407,122653280.0,21542430848.0,11827523910.095406,9714906937.904594,9714906937.904593
362,363,4,10052095.019569814,118180928.0,21660611776.0,11837576005.114975,9823035770.885025,9823035770.885023
363,364,4,27033602.67574343,115423920.0,21776035696.0,11864609607.79072,9911426088.20928,9911426088.209278
364,365,4,19667501.30041927,95377992.0,21871413688.0,11884277109.091137,9987136578.908863,9987136578.90886
365,366,4,24086898.39447438,126453256.0,21997866944.0,11908364007.485611,10089502936.514389,10089502936.514385
366,367,4,23511828.533088267,93026624.0,22090893568.0,11931875836.018703,10159017731.981297,10159017731.981297
367,368,4,37046884.7930286,106912568.0,22197806136.0,11968922720.81173,10228883415.18827,10228883415.188269
368,369,4,22562875.757361133,73118768.0,22270924904.0,11991485596.569092,10279439307.430908,10279439307.430908
369,370,4,51563638.325981796,72951272.0,22343876176.0,12043049234.895073,10300826941.104927,10300826941.104927
370,371,4,42749430.83652215,55906176.0,22399782352.0,12085798665.731594,10313983686.268406,10313983686.268404
371,372,4,20977326.439856354,69794000.0,22469576352.0,12106775992.171452,10362800359.828548,10362800359.828547
372,373,4,32097699.427493133,55925368.0,22525501720.0,12138873691.598946,10386628028.401054,10386628028.401054
373,374,4,20513979.29683851,47004232.0,22572505952.0,12159387670.895782,10413118281.104218,10413118281.104216
374,375,4,35095876.31062105,35138976.0,22607644928.0,12194483547.206404,10413161380.793596,10413161380.793594
375,376,4,38932527.69342805,31409072.0,22639054000.0,12233416074.899834,10405637925.100166,10405637925.100166
376,377,4,10367042.558041055,22118440.0,22661172440.0,12243783117.457872,10417389322.542128,10417389322.542126
377,378,4,29711782.16598314,22508616.0,22683681056.0,12273494899.623856,10410186156.376144,10410186156.376143
378,379,4,41435116.05677202,14016064.0,22697697120.0,12314930015.680628,10382767104.319372,10382767104.31937
379,380,4,55031218.99392718,15364056.0,22713061176.0,12369961234.674557,10343099941.325443,10343099941.325443
380,381,4,30741253.166136615,0.0,22713061176.0,12400702487.84069,10312358688.15931,10312358688.159307
381,382,4,47772365.872399926,0.0,22713061176.0,12448474853.71309,10264586322.28691,10264586322.286907
382,383,4,20262807.239447985,0.0,22713061176.0,12468737660.952538,10244323515.047462,10244323515.04746
383,384,4,11415594.996601507,0.0,22713061176.0,12480153255.94914,10232907920.05086,10232907920.05086
384,385,4,15367114.226374794,0.0,22713061176.0,12495520370.175514,10217540805.824486,10217540805.824484
385,386,4,17862860.995165877,17367496.0,22730428672.0,12513383231.170681,10217045440.829319,10217045440.829317
386,387,4,26900493.076270536,23099416.0,22753528088.0,12540283724.246952,10213244363.753048,10213244363.753048
387,388,4,9703973.509120587,27189152.0,22780717240.0,12549987697.756073,10230729542.243927,10230729542.243927
388,389,4,19950305.903730396,42753272.0,22823470512.0,12569938003.659801,10253532508.340199,10253532508.340197
389,390,4,16697691.473656155,74674224.0,22898144736.0,12586635695.13346,10311509040.86654,10311509040.86654
390,391,4,34006398.81036337,45274664.0,22943419400.0,12620642093.943823,10322777306.056177,10322777306.056177
391,392,4,26298825.996910814,54505288.0,22997924688.0,12646940919.940735,10350983768.059265,10350983768.059267
392,393,4,7775371.091106449,82553920.0,23080478608.0,12654716291.03184,10425762316.96816,10425762316.96816
393,394,4,12297337.762846438,115689048.0,23196167656.0,12667013628.794687,10529154027.205313,10529154027.205313
394,395,4,9011521.592388714,102691560.0,23298859216.0,12676025150.387075,10622834065.612925,10622834065.612925
395,396,4,9668718.712123726,128057264.0,23426916480.0,12685693869.0992,10741222610.9008,10741222610.9008
396,397,4,18114874.309833404,90525936.0,23517442416.0,12703808743.409033,10813633672.590967,10813633672.590967
397,398,4,10405580.642550047,154317176.0,23671759592.0,12714214324.051584,10957545267.948416,10957545267.948418
398,399,4,10745856.438865323,111396192.0,23783155784.0,12724960180.490448,11058195603.509552,11058195603.509552
399,400,4,10954270.474440515,121543432.0,23904699216.0,12735914450.964888,11168784765.035112,11168784765.035112
400,401,4,28228988.372631814,124750696.0,24029449912.0,12764143439.33752,11265306472.66248,11265306472.66248
401,402,4,35839723.45951737,127013552.0,24156463464.0,12799983162.797039,11356480301.202961,11356480301.202961
402,403,4,15087814.054516243,147816816.0,24304280280.0,12815070976.851555,11489209303.148445,11489209303.148447
403,404,4,14809518.825034462,109904832.0,24414185112.0,12829880495.676588,11584304616.323412,11584304616.32341
404,405,4,35150421.63758072,113234584.0,24527419696.0,12865030917.314169,11662388778.685831,11662388778.68583
405,406,4,22071877.04606868,95676800.0,24623096496.0,12887102794.360237,11735993701.639763,11735993701.639761
406,407,4,26678910.721595787,117508424.0,24740604920.0,12913781705.081833,11826823214.918167,11826823214.918165
407,408,4,26163961.355332244,90488160.0,24831093080.0,12939945666.437164,11891147413.562836,11891147413.562834
408,409,4,11992750.125476029,75289648.0,24906382728.0,12951938416.562641,11954444311.437359,11954444311.437357
409,410,4,31011926.506194446,92484664.0,24998867392.0,12982950343.068836,12015917048.931164,12015917048.931164
410,411,4,11681287.419295195,87481960.0,25086349352.0,12994631630.488132,12091717721.511868,12091717721.511868
411,412,4,7835683.1530867005,50962408.0,25137311760.0,13002467313.641216,12134844446.358784,12134844446.35878
412,413,4,18294270.408823647,63929344.0,25201241104.0,13020761584.050041,12180479519.949959,12180479519.949959
413,414,4,35778809.49121333,58502376.0,25259743480.0,13056540393.541256,12203203086.458744,12203203086.458742
414,415,4,17342216.224845562,49714008.0,25309457488.0,13073882609.766102,12235574878.233898,12235574878.233898
415,416,4,26334763.94261872,18406776.0,25327864264.0,13100217373.70872,12227646890.29128,12227646890.29128
416,417,4,42409595.84535688,17392352.0,25345256616.0,13142626969.554075,12202629646.445925,12202629646.445925
417,418,4,10345081.81105439,21554576.0,25366811192.0,13152972051.36513,12213839140.63487,12213839140.634869
418,419,4,17653749.269825764,17891096.0,25384702288.0,13170625800.634956,12214076487.365044,12214076487.365042
419,420,4,38216585.23297228,22200720.0,25406903008.0,13208842385.867928,12198060622.132072,12198060622.13207
420,421,4,18155348.084040493,7863016.0,25414766024.0,13226997733.95197,12187768290.04803,12187768290.048029
421,422,4,23100743.944153775,8116080.0,25422882104.0,13250098477.896122,12172783626.103878,12172783626.103876
422,423,4,11939946.431104533,8113264.0,25430995368.0,13262038424.327227,12168956943.672773,12168956943.67277
423,424,4,17509161.691830404,0.0,25430995368.0,13279547586.019058,12151447781.980942,12151447781.98094
424,425,4,8214274.430474315,0.0,25430995368.0,13287761860.449532,12143233507.550468,12143233507.550467
425,426,4,12398854.19791104,16905104.0,25447900472.0,13300160714.647444,12147739757.352556,12147739757.352554
426,427,4,32221541.00122051,29075528.0,25476976000.0,13332382255.648663,12144593744.351337,12144593744.351336
427,428,4,15841463.395849586,54221112.0,25531197112.0,13348223719.044512,12182973392.955488,12182973392.955484
428,429,4,8617077.17778438,72886016.0,25604083128.0,13356840796.222298,12247242331.777702,12247242331.7777
429,430,4,23070283.3939071,47097672.0,25651180800.0,13379911079.616203,12271269720.383797,12271269720.383793
430,431,4,13992982.874386044,82625576.0,25733806376.0,13393904062.49059,12339902313.50941,12339902313.509407
431,432,4,11337085.670774274,71275624.0,25805082000.0,13405241148.161366,12399840851.838634,12399840851.838633
432,433,4,8301343.944968774,112775792.0,25917857792.0,13413542492.106335,12504315299.893665,12504315299.893663
433,434,4,45592669.025029846,112693024.0,26030550816.0,13459135161.131363,12571415654.868637,12571415654.868635
434,435,4,35489916.38486941,108333960.0,26138884776.0,13494625077.516232,12644259698.483768,12644259698.483765
435,436,4,25474945.135589655,139865592.0,26278750368.0,13520100022.651821,12758650345.348179,12758650345.348175
436,437,4,8516965.336612806,134122040.0,26412872408.0,13528616987.988436,12884255420.011564,12884255420.011562
437,438,4,10415989.864613023,95030736.0,26507903144.0,13539032977.85305,12968870166.14695,12968870166.14695
438,439,4,31829638.193079412,145754040.0,26653657184.0,13570862616.046127,13082794567.953873,13082794567.953869
439,440,4,16626391.123559108,140514992.0,26794172176.0,13587489007.16969,13206683168.83031,13206683168.83031
440,441,4,9346097.249313999,138371248.0,26932543424.0,13596835104.419003,13335708319.580997,13335708319.580996
441,442,4,24712317.591227166,155144088.0,27087687512.0,13621547422.01023,13466140089.98977,13466140089.989769
442,443,4,33656327.28924327,139150888.0,27226838400.0,13655203749.29947,13571634650.70053,13571634650.700527
443,444,4,22964139.39590834,116862960.0,27343701360.0,13678167888.695377,13665533471.304623,13665533471.304619
444,445,4,22436495.697836645,104139728.0,27447841088.0,13700604384.393215,13747236703.606785,13747236703.606783
445,446,4,14449711.21614282,137596744.0,27585437832.0,13715054095.60936,13870383736.39064,13870383736.390638
446,447,4,26779369.929274775,115376408.0,27700814240.0,13741833465.538635,13958980774.461365,13958980774.461365
447,448,4,24295529.500572737,91730496.0,27792544736.0,13766128995.039207,14026415740.960793,14026415740.96079
448,449,4,26839633.263525777,97911688.0,27890456424.0,13792968628.302732,14097487795.697268,14097487795.697266
449,450,4,10770836.525881648,71346720.0,27961803144.0,13803739464.828613,14158063679.171387,14158063679.171385
450,451,4,22905473.224975575,105536784.0,28067339928.0,13826644938.053589,14240694989.946411,14240694989.94641
451,452,4,29788845.379432373,88358800.0,28155698728.0,13856433783.433022,14299264944.566978,14299264944.566977
452,453,4,28909114.469378747,68046160.0,28223744888.0,13885342897.902401,14338401990.097599,14338401990.097599
453,454,4,42480738.993906125,52993080.0,28276737968.0,13927823636.896307,14348914331.103693,14348914331.103693
454,455,4,33044006.38337593,34207416.0,28310945384.0,13960867643.279684,14350077740.720316,14350077740.720316
455,456,4,28188807.128524743,22055904.0,28333001288.0,13989056450.408207,14343944837.591793,14343944837.591791
456,457,4,32441804.78930012,31657400.0,28364658688.0,14021498255.197506,14343160432.802494,14343160432.80249
457,458,4,18257654.314611427,13417560.0,28378076248.0,14039755909.51212,14338320338.48788,14338320338.487879
458,459,4,18597681.362075713,22780616.0,28400856864.0,14058353590.874195,14342503273.125805,14342503273.125803
459,460,4,18464643.344020415,7104472.0,28407961336.0,14076818234.218216,14331143101.781784,14331143101.781784
460,461,4,12779692.291591702,16196584.0,28424157920.0,14089597926.509808,14334559993.490192,14334559993.49019
461,462,4,8952217.05584336,6390864.0,28430548784.0,14098550143.56565,14331998640.43435,14331998640.434347
462,463,4,28054322.65298482,17991360.0,28448540144.0,14126604466.218636,14321935677.781364,14321935677.781363
463,464,4,25687120.62359319,16234040.0,28464774184.0,14152291586.842228,14312482597.157772,14312482597.15777
464,465,4,31823080.907192566,51823992.0,28516598176.0,14184114667.749422,14332483508.250578,14332483508.250578
465,466,4,21893871.879216615,31833600.0,28548431776.0,14206008539.628637,14342423236.371363,14342423236.371359
466,467,4,15346442.993898787,41764072.0,28590195848.0,14221354982.622536,14368840865.377464,14368840865.377462
467,468,4,11596317.79228292,48950984.0,28639146832.0,14232951300.41482,14406195531.58518,14406195531.585178
468,469,4,44285616.3023997,102094344.0,28741241176.0,14277236916.717218,14464004259.282782,14464004259.282778
469,470,4,19853790.849735077,92322944.0,28833564120.0,14297090707.566956,14536473412.433044,14536473412.433043
470,471,4,28323616.022791952,123821104.0,28957385224.0,14325414323.589745,14631970900.410255,14631970900.41025
471,472,4,23864147.628865194,166123336.0,29123508560.0,14349278471.21861,14774230088.78139,14774230088.781385
472,473,4,8830951.16780489,158419960.0,29281928520.0,14358109422.386417,14923819097.613583,14923819097.61358
473,474,4,14074330.882647786,166594560.0,29448523080.0,14372183753.269066,15076339326.730934,15076339326.730932
474,475,4,28494454.355078276,181196688.0,29629719768.0,14400678207.624142,15229041560.375858,15229041560.375854
475,476,4,13951581.74313245,202113848.0,29831833616.0,14414629789.367275,15417203826.632725,15417203826.632723
476,477,4,10681429.431027578,184867872.0,30016701488.0,14425311218.798302,15591390269.201698,15591390269.201694
477,478,4,35826939.23714927,147391568.0,30164093056.0,14461138158.03545,15702954897.96455,15702954897.964546
478,479,4,3816645.9154190687,155170640.0,30319263696.0,14464954803.95087,15854308892.04913,15854308892.049128
479,480,4,28054509.57166761,161895720.0,30481159416.0,14493009313.522537,15988150102.477463,15988150102.47746
480,481,4,19255305.464483436,167514192.0,30648673608.0,14512264618.987022,16136408989.012978,16136408989.012978
481,482,4,23514763.71383688,147243624.0,30795917232.0,14535779382.70086,16260137849.29914,16260137849.299137
482,483,4,42479635.810278654,121594856.0,30917512088.0,14578259018.511137,16339253069.488863,16339253069.48886
483,484,4,15750714.96647986,115041544.0,31032553632.0,14594009733.477617,16438543898.522383,16438543898.522383
484,485,4,30387780.026619304,94920000.0,31127473632.0,14624397513.504236,16503076118.495764,16503076118.495764
485,486,4,19930412.69574254,65674376.0,31193148008.0,14644327926.199978,16548820081.800022,16548820081.80002
486,487,4,16470382.185169011,63396856.0,31256544864.0,14660798308.385147,16595746555.614853,16595746555.614851
487,488,4,36531979.53319643,39994352.0,31296539216.0,14697330287.918343,16599208928.081657,16599208928.081656
488,489,4,15874018.630000401,32295424.0,31328834640.0,14713204306.548344,16615630333.451656,16615630333.451653
489,490,4,39309616.31106522,40403512.0,31369238152.0,14752513922.85941,16616724229.14059,16616724229.140589
490,491,4,27267548.931894857,20699728.0,31389937880.0,14779781471.791306,16610156408.208694,16610156408.208694
491,492,4,18665299.310568467,44945080.0,31434882960.0,14798446771.101873,16636436188.898127,16636436188.898127
492,493,4,6123332.957610862,23334808.0,31458217768.0,14804570104.059483,16653647663.940517,16653647663.940516
493,494,4,20612716.51717258,61399592.0,31519617360.0,14825182820.576656,16694434539.423344,16694434539.423342
494,495,4,23020842.720472008,58722472.0,31578339832.0,14848203663.297127,16730136168.702873,16730136168.702871
495,496,4,17455680.38659226,38572976.0,31616912808.0,14865659343.683722,16751253464.316278,16751253464.316278
496,497,4,15356440.436455455,52765432.0,31669678240.0,14881015784.120176,16788662455.879824,16788662455.879822
497,498,4,26847529.841123514,59835808.0,31729514048.0,14907863313.9613,16821650734.0387,16821650734.038698
498,499,4,19524066.431989152,113664936.0,31843178984.0,14927387380.393288,16915791603.606712,16915791603.60671
499,500,4,8468490.925845932,90188656.0,31933367640.0,14935855871.319134,16997511768.680866,16997511768.680864
500,501,4,11491340.437195234,73077680.0,32006445320.0,14947347211.75633,17059098108.24367,17059098108.24367
501,502,4,21810758.06274957,88660312.0,32095105632.0,14969157969.819078,17125947662.180922,17125947662.18092
502,503,4,20640664.333999798,83454968.0,32178560600.0,14989798634.15308,17188761965.84692,17188761965.84692
503,504,4,14067755.696114073,73960232.0,32252520832.0,15003866389.849194,17248654442.150806,17248654442.150806
504,505,4,44268961.46811408,101533808.0,32354054640.0,15048135351.317307,17305919288.682693,17305919288.682693
505,506,4,68130672.81673236,72661208.0,32426715848.0,15116266024.13404,17310449823.86596,17310449823.86596
506,507,4,26376738.790347114,100430448.0,32527146296.0,15142642762.924387,17384503533.075615,17384503533.07561
507,508,4,25033592.054243296,70525280.0,32597671576.0,15167676354.97863,17429995221.02137,17429995221.02137
508,509,4,22269598.511347957,125371048.0,32723042624.0,15189945953.489979,17533096670.51002,17533096670.51002
509,510,4,15848889.91663194,150046376.0,32873089000.0,15205794843.40661,17667294156.59339,17667294156.593388
510,511,4,16601044.879595213,141073648.0,33014162648.0,15222395888.286205,17791766759.713795,17791766759.713795
511,512,4,27334837.122219086,120624544.0,33134787192.0,15249730725.408424,17885056466.591576,17885056466.591576
512,513,4,11418759.612562168,96552632.0,33231339824.0,15261149485.020987,17970190338.97901,17970190338.97901
513,514,4,20709031.26728098,108899016.0,33340238840.0,15281858516.288269,18058380323.71173,18058380323.71173
514,515,4,13295606.549954262,120972928.0,33461211768.0,15295154122.838223,18166057645.161777,18166057645.16178
515,516,4,38434375.9086079,104747064.0,33565958832.0,15333588498.746828,18232370333.253174,18232370333.253174
516,517,4,32183852.302795306,144200536.0,33710159368.0,15365772351.049625,18344387016.950375,18344387016.95038
517,518,4,25380833.246144887,95173528.0,33805332896.0,15391153184.295769,18414179711.70423,18414179711.70423
518,519,4,10411169.824496986,122012456.0,33927345352.0,15401564354.120266,18525780997.879734,18525780997.879734
519,520,4,13146427.029975174,96893712.0,34024239064.0,15414710781.150242,18609528282.84976,18609528282.84976
520,521,4,12979531.689732315,94562584.0,34118801648.0,15427690312.839973,18691111335.160027,18691111335.160027
521,522,4,24765026.400286242,105879464.0,34224681112.0,15452455339.240261,18772225772.75974,18772225772.759743
522,523,4,11296103.085333792,55244992.0,34279926104.0,15463751442.325594,18816174661.674408,18816174661.674408
523,524,4,22953751.504763696,33044104.0,34312970208.0,15486705193.830359,18826265014.16964,18826265014.169643
524,525,4,28982242.482428484,31049704.0,34344019912.0,15515687436.312786,18828332475.687214,18828332475.687214
525,526,4,8271120.623627568,12123448.0,34356143360.0,15523958556.936413,18832184803.063587,18832184803.063587
526,527,4,19266621.82063512,21178560.0,34377321920.0,15543225178.75705,18834096741.24295,18834096741.242954
527,528,4,12848708.945471387,28154920.0,34405476840.0,15556073887.70252,18849402952.297478,18849402952.29748
528,529,4,9619445.765948743,13533048.0,34419009888.0,15565693333.46847,18853316554.531532,18853316554.531532
529,530,4,31989786.02803236,6699728.0,34425709616.0,15597683119.496502,18828026496.503498,18828026496.5035
530,531,4,16731578.547417365,24118776.0,34449828392.0,15614414698.043919,18835413693.95608,18835413693.95608
531,532,4,10293512.583815379,22119496.0,34471947888.0,15624708210.627735,18847239677.372265,18847239677.37227
532,533,4,23562246.211318567,52070912.0,34524018800.0,15648270456.839052,18875748343.16095,18875748343.160946
533,534,4,10073446.902171586,44134440.0,34568153240.0,15658343903.741224,18909809336.258774,18909809336.258774
534,535,4,40669211.60710404,68643752.0,34636796992.0,15699013115.348328,18937783876.651672,18937783876.651672
535,536,4,42176535.99243685,115864576.0,34752661568.0,15741189651.340765,19011471916.659233,19011471916.659233
536,537,4,13159004.26912778,92153384.0,34844814952.0,15754348655.609894,19090466296.390106,19090466296.390106
537,538,4,12167343.928633314,98837264.0,34943652216.0,15766515999.538527,19177136216.46147,19177136216.461475
538,539,4,17725962.112863824,112113032.0,35055765248.0,15784241961.651392,19271523286.34861,19271523286.348606
539,540,4,21158001.850445446,116476320.0,35172241568.0,15805399963.501837,19366841604.49816,19366841604.49816
540,541,4,13558411.114807593,110808504.0,35283050072.0,15818958374.616644,19464091697.383354,19464091697.383354
541,542,4,31714016.55561935,101059368.0,35384109440.0,15850672391.172264,19533437048.827736,19533437048.82774
542,543,4,14170290.6783085,89443416.0,35473552856.0,15864842681.85057,19608710174.14943,19608710174.14943
543,544,4,34256423.56162739,120362800.0,35593915656.0,15899099105.412197,19694816550.587803,19694816550.587803
544,545,4,29968209.480755325,108378664.0,35702294320.0,15929067314.892954,19773227005.107048,19773227005.107048
545,546,4,30578079.046824355,116354600.0,35818648920.0,15959645393.939777,19859003526.060223,19859003526.060226
546,547,4,11618084.77277334,105108816.0,35923757736.0,15971263478.712551,19952494257.28745,19952494257.28745
547,548,4,28241726.162416313,104540840.0,36028298576.0,15999505204.87497,20028793371.12503,20028793371.12503
548,549,4,15621178.8542965,77565368.0,36105863944.0,16015126383.729265,20090737560.270737,20090737560.270737
549,550,4,25698500.249144606,82430008.0,36188293952.0,16040824883.978409,20147469068.02159,20147469068.02159
550,551,4,19468742.285188157,87623464.0,36275917416.0,16060293626.263597,20215623789.736404,20215623789.736404
551,552,4,34244942.64955603,47078936.0,36322996352.0,16094538568.913153,20228457783.086845,20228457783.08685
552,553,4,30468439.240400743,66272216.0,36389268568.0,16125007008.153553,20264261559.846447,20264261559.846447
553,554,4,35637870.420214325,64365640.0,36453634208.0,16160644878.573769,20292989329.42623,20292989329.42623
554,555,4,13875073.628632719,74085992.0,36527720200.0,16174519952.202402,20353200247.7976,20353200247.7976
555,556,4,17344283.90989551,85297104.0,36613017304.0,16191864236.112297,20421153067.887703,20421153067.887703
556,557,4,14124126.959939044,103040312.0,36716057616.0,16205988363.072235,20510069252.927765,20510069252.927765
557,558,4,17849233.000526886,75389024.0,36791446640.0,16223837596.072763,20567609043.92724,20567609043.92724
558,559,4,23560571.4020097,101011536.0,36892458176.0,16247398167.474773,20645060008.525227,20645060008.525227
559,560,4,17659257.43388979,62986592.0,36955444768.0,16265057424.90866,20690387343.09134,20690387343.09133
560,561,4,14069111.377570264,76950192.0,37032394960.0,16279126536.286232,20753268423.713768,20753268423.713768
561,562,4,29933487.84386106,82718688.0,37115113648.0,16309060024.130093,20806053623.869907,20806053623.869904
562,563,4,60269758.652791694,59684864.0,37174798512.0,16369329782.782887,20805468729.217113,20805468729.217113
563,564,4,18915942.704455048,94627968.0,37269426480.0,16388245725.487339,20881180754.51266,20881180754.512665
564,565,4,11679927.789041042,104043592.0,37373470072.0,16399925653.276382,20973544418.723618,20973544418.723625
565,566,4,28989363.45555895,97428000.0,37470898072.0,16428915016.731941,21041983055.26806,21041983055.268063
566,567,4,29283972.650714442,100293712.0,37571191784.0,16458198989.382654,21112992794.617348,21112992794.617344
567,568,4,67387722.90736413,124354280.0,37695546064.0,16525586712.290018,21169959351.709984,21169959351.709984
568,569,4,33391268.921537094,88144752.0,37783690816.0,16558977981.211555,21224712834.788445,21224712834.788445
569,570,4,13250018.368120827,115504368.0,37899195184.0,16572227999.579678,21326967184.420322,21326967184.420322
570,571,4,23020959.234690886,101037104.0,38000232288.0,16595248958.81437,21404983329.18563,21404983329.18563
571,572,4,38474020.70925281,100834400.0,38101066688.0,16633722979.52362,21467343708.47638,21467343708.47638
572,573,4,34392243.05484137,105648576.0,38206715264.0,16668115222.57846,21538600041.42154,21538600041.421535
573,574,4,41056061.857758716,97473792.0,38304189056.0,16709171284.436222,21595017771.563778,21595017771.563778
574,575,4,52118415.45279001,148771984.0,38452961040.0,16761289699.889011,21691671340.11099,21691671340.11099
575,576,4,44906773.19288597,97284160.0,38550245200.0,16806196473.081896,21744048726.918106,21744048726.918102
576,577,4,18108141.448781338,119263248.0,38669508448.0,16824304614.530678,21845203833.469322,21845203833.469322
577,578,4,34535221.32992545,69599648.0,38739108096.0,16858839835.860601,21880268260.139397,21880268260.139393
578,579,4,48312539.01084262,71276928.0,38810385024.0,16907152374.871445,21903232649.128555,21903232649.128548
579,580,4,11961402.799024263,63411744.0,38873796768.0,16919113777.67047,21954682990.32953,21954682990.329525
580,581,4,12364269.543726517,75434976.0,38949231744.0,16931478047.214195,22017753696.785805,22017753696.7858
581,582,4,37393814.72047363,31517472.0,38980749216.0,16968871861.93467,22011877354.06533,22011877354.065327
582,583,4,53247772.02093677,58138280.0,39038887496.0,17022119633.955606,22016767862.044395,22016767862.04439
583,584,4,10331940.286796618,62342408.0,39101229904.0,17032451574.242403,22068778329.7576,22068778329.757595
584,585,4,25259335.93407303,28311632.0,39129541536.0,17057710910.176476,22071830625.823524,22071830625.82352
585,586,4,20780193.227446627,41331992.0,39170873528.0,17078491103.403923,22092382424.596077,22092382424.596073
586,587,4,42616985.40644052,30981152.0,39201854680.0,17121108088.810364,22080746591.189636,22080746591.189632
587,588,4,29424202.852630198,50119992.0,39251974672.0,17150532291.662994,22101442380.337006,22101442380.337006
588,589,4,32930088.722978473,37882080.0,39289856752.0,17183462380.38597,22106394371.61403,22106394371.614025
589,590,4,23774031.87235588,40355792.0,39330212544.0,17207236412.25833,22122976131.74167,22122976131.741673
590,591,4,14759039.52670128,39395368.0,39369607912.0,17221995451.78503,22147612460.21497,22147612460.21497
591,592,4,36395079.384120196,65602248.0,39435210160.0,17258390531.16915,22176819628.83085,22176819628.83085
592,593,4,12177097.244111842,54203408.0,39489413568.0,17270567628.41326,22218845939.58674,22218845939.58674
593,594,4,19866895.58084799,65412144.0,39554825712.0,17290434523.99411,22264391188.00589,22264391188.005886
594,595,4,28218200.238893434,84817624.0,39639643336.0,17318652724.233,22320990611.767,22320990611.766994
595,596,4,38597605.93263473,72462752.0,39712106088.0,17357250330.165638,22354855757.834362,22354855757.834362
596,597,4,39986002.36067767,72819960.0,39784926048.0,17397236332.526314,22387689715.473686,22387689715.473682
597,598,4,32044017.68704779,75527064.0,39860453112.0,17429280350.213364,22431172761.786636,22431172761.786636
598,599,4,29904418.05348819,68537936.0,39928991048.0,17459184768.266853,22469806279.733147,22469806279.733147
599,600,4,28252834.90343753,85950264.0,40014941312.0,17487437603.170288,22527503708.829712,22527503708.82971
600,601,4,24849282.977017388,85493232.0,40100434544.0,17512286886.14731,22588147657.85269,22588147657.85269
601,602,4,19935952.202871263,99699816.0,40200134360.0,17532222838.350178,22667911521.649822,22667911521.649822
602,603,4,47750386.9642505,106305224.0,40306439584.0,17579973225.31443,22726466358.68557,22726466358.685566
603,604,4,31898938.16810192,115280464.0,40421720048.0,17611872163.48253,22809847884.51747,22809847884.517467
604,605,4,31908901.02492463,101550984.0,40523271032.0,17643781064.507454,22879489967.492546,22879489967.492542
605,606,4,13766496.277873011,126812624.0,40650083656.0,17657547560.785328,22992536095.214672,22992536095.214672
606,607,4,19188633.098120395,93106048.0,40743189704.0,17676736193.88345,23066453510.11655,23066453510.11655
607,608,4,14320334.33249923,118662152.0,40861851856.0,17691056528.215946,23170795327.784054,23170795327.784054
608,609,4,25595413.90845423,120825528.0,40982677384.0,17716651942.1244,23266025441.8756,23266025441.8756
609,610,4,28515465.51183799,100405080.0,41083082464.0,17745167407.63624,23337915056.36376,23337915056.363758
610,611,4,15626452.945998665,133936280.0,41217018744.0,17760793860.582237,23456224883.417763,23456224883.41776
611,612,4,19679643.418512084,147738224.0,41364756968.0,17780473504.000748,23584283463.999252,23584283463.99925
612,613,4,18070883.85547664,137642920.0,41502399888.0,17798544387.856224,23703855500.143776,23703855500.143772
613,614,4,54300317.15030544,144305408.0,41646705296.0,17852844705.00653,23793860590.99347,23793860590.993465
614,615,4,36137579.94443048,114427384.0,41761132680.0,17888982284.950966,23872150395.049034,23872150395.049034
615,616,4,23238222.437717892,102347128.0,41863479808.0,17912220507.38868,23951259300.61132,23951259300.61132
616,617,4,33647207.58722264,74509944.0,41937989752.0,17945867714.975906,23992122037.024094,23992122037.024097
617,618,4,11682763.482929345,72017872.0,42010007624.0,17957550478.45883,24052457145.54117,24052457145.54117
618,619,4,25079624.69473063,77122304.0,42087129928.0,17982630103.153564,24104499824.846436,24104499824.846436
619,620,4,26499687.3556177,51710448.0,42138840376.0,18009129790.50918,24129710585.49082,24129710585.49082
620,621,4,18931351.29435157,49916384.0,42188756760.0,18028061141.80353,24160695618.19647,24160695618.19647
621,622,4,52675118.09879489,43816704.0,42232573464.0,18080736259.90233,24151837204.09767,24151837204.09767
622,623,4,11300316.940108433,43335536.0,42275909000.0,18092036576.842438,24183872423.157562,24183872423.157566
623,624,4,31357665.15074826,13681032.0,42289590032.0,18123394241.993187,24166195790.006813,24166195790.006817
624,625,4,22354034.29854039,13191216.0,42302781248.0,18145748276.291725,24157032971.708275,24157032971.70828
625,626,4,31482108.214233246,14118072.0,42316899320.0,18177230384.50596,24139668935.49404,24139668935.49404
626,627,4,24291290.66587253,25073856.0,42341973176.0,18201521675.17183,24140451500.82817,24140451500.828167
627,628,4,34162481.920152724,39691496.0,42381664672.0,18235684157.091984,24145980514.908016,24145980514.908016
628,629,4,39240696.03211391,41634000.0,42423298672.0,18274924853.1241,24148373818.8759,24148373818.8759
629,630,4,15336784.929802695,50328000.0,42473626672.0,18290261638.053898,24183365033.946102,24183365033.9461
630,631,4,20122809.26406307,69902168.0,42543528840.0,18310384447.317963,24233144392.682037,24233144392.682034
631,632,4,71217224.74673319,104693752.0,42648222592.0,18381601672.064697,24266620919.935303,24266620919.935303
632,633,4,17624818.07883925,136720656.0,42784943248.0,18399226490.14354,24385716757.85646,24385716757.856464
633,634,4,33878134.596557274,91266832.0,42876210080.0,18433104624.740093,24443105455.259907,24443105455.259907
634,635,4,23496084.75475219,130155360.0,43006365440.0,18456600709.494843,24549764730.505157,24549764730.505154
635,636,4,40158505.24318312,109901088.0,43116266528.0,18496759214.73803,24619507313.26197,24619507313.26197
636,637,4,17439356.42215877,163421232.0,43279687760.0,18514198571.160187,24765489188.839813,24765489188.839813
637,638,4,29511177.993834257,179876232.0,43459563992.0,18543709749.154022,24915854242.845978,24915854242.845978
638,639,4,30541814.294470064,127500088.0,43587064080.0,18574251563.448494,25012812516.551506,25012812516.551506
639,640,4,13903771.912698757,182018416.0,43769082496.0,18588155335.36119,25180927160.63881,25180927160.63881
640,641,4,25614059.620068006,135068880.0,43904151376.0,18613769394.98126,25290381981.01874,25290381981.018738
641,642,4,11575507.510106891,152098768.0,44056250144.0,18625344902.491364,25430905241.508636,25430905241.508633
642,643,4,22657301.501942743,145171344.0,44201421488.0,18648002203.99331,25553419284.00669,25553419284.00669
643,644,4,30042138.38803625,133594480.0,44335015968.0,18678044342.381344,25656971625.618656,25656971625.618656
644,645,4,27855729.089907218,124593800.0,44459609768.0,18705900071.471252,25753709696.528748,25753709696.52875
645,646,4,20799725.568248566,87237824.0,44546847592.0,18726699797.0395,25820147794.9605,25820147794.9605
646,647,4,31211307.29546721,63808928.0,44610656520.0,18757911104.33497,25852745415.66503,25852745415.66503
647,648,4,30709662.07255075,95409440.0,44706065960.0,18788620766.407516,25917445193.592484,25917445193.592476
648,649,4,31319500.856962226,63186544.0,44769252504.0,18819940267.26448,25949312236.73552,25949312236.73552
649,650,4,22438583.232048113,99887536.0,44869140040.0,18842378850.49653,26026761189.50347,26026761189.50347
650,651,4,17331244.584102675,65888256.0,44935028296.0,18859710095.08063,26075318200.91937,26075318200.919373
651,652,4,25913555.687688045,56789496.0,44991817792.0,18885623650.76832,26106194141.23168,26106194141.23168
652,653,4,32928082.910892006,72577728.0,45064395520.0,18918551733.67921,26145843786.32079,26145843786.32079
653,654,4,13328896.678629596,54245552.0,45118641072.0,18931880630.35784,26186760441.64216,26186760441.642162
654,655,4,24185858.3349332,30696504.0,45149337576.0,18956066488.692776,26193271087.307224,26193271087.307224
655,656,4,37001465.99919544,20839528.0,45170177104.0,18993067954.69197,26177109149.30803,26177109149.30803
656,657,4,28764621.01540649,32190264.0,45202367368.0,19021832575.707375,26180534792.292625,26180534792.292625
657,658,4,58118838.11819065,19935784.0,45222303152.0,19079951413.82557,26142351738.17443,26142351738.174435
658,659,4,25187948.722747903,20627232.0,45242930384.0,19105139362.548313,26137791021.451687,26137791021.451687
659,660,4,23713333.84029779,22521496.0,45265451880.0,19128852696.38861,26136599183.61139,26136599183.611393
660,661,4,28162264.149904706,12492248.0,45277944128.0,19157014960.538517,26120929167.461483,26120929167.461487
661,662,4,27610757.99161021,17083624.0,45295027752.0,19184625718.53013,26110402033.46987,26110402033.469875
662,663,4,18350629.397797566,36372728.0,45331400480.0,19202976347.927925,26128424132.072075,26128424132.072075
663,664,4,31900855.471717358,37996912.0,45369397392.0,19234877203.399643,26134520188.600357,26134520188.60036
664,665,4,47950054.23100276,33359920.0,45402757312.0,19282827257.630646,26119930054.369354,26119930054.369358
665,666,4,29658976.898043633,24747960.0,45427505272.0,19312486234.52869,26115019037.47131,26115019037.471313
666,667,4,18652719.67513158,37795024.0,45465300296.0,19331138954.20382,26134161341.79618,26134161341.796177
667,668,4,22526382.116605446,39718800.0,45505019096.0,19353665336.320427,26151353759.679573,26151353759.679573
668,669,4,21132669.311902132,69466544.0,45574485640.0,19374798005.632328,26199687634.367672,26199687634.367672
669,670,4,43084232.463243365,78446472.0,45652932112.0,19417882238.095573,26235049873.904427,26235049873.904427
670,671,4,43538727.575471744,91623440.0,45744555552.0,19461420965.671043,26283134586.328957,26283134586.328957
671,672,4,62849025.010146886,114606408.0,45859161960.0,19524269990.68119,26334891969.31881,26334891969.318806
672,673,4,51634258.68502444,158328576.0,46017490536.0,19575904249.366215,26441586286.633785,26441586286.633785
673,674,4,47007389.211042665,129180432.0,46146670968.0,19622911638.577255,26523759329.422745,26523759329.42274
674,675,4,40872978.324653156,149744632.0,46296415600.0,19663784616.90191,26632630983.09809,26632630983.098087
675,676,4,36566157.170017846,126463512.0,46422879112.0,19700350774.071926,26722528337.928074,26722528337.92807
676,677,4,33592757.45076165,137993368.0,46560872480.0,19733943531.52269,26826928948.47731,26826928948.47731
677,678,4,61370771.29064489,143489840.0,46704362320.0,19795314302.813335,26909048017.186665,26909048017.18666
678,679,4,26961547.937204763,127645792.0,46832008112.0,19822275850.75054,27009732261.24946,27009732261.24946
679,680,4,36433894.51786651,187415400.0,47019423512.0,19858709745.268402,27160713766.731598,27160713766.73159
680,681,4,47492525.75326797,175202368.0,47194625880.0,19906202271.021675,27288423608.978325,27288423608.978325
681,682,4,37457204.32475763,155276656.0,47349902536.0,19943659475.346428,27406243060.653572,27406243060.65357
682,683,4,22485392.04338706,156292680.0,47506195216.0,19966144867.389816,27540050348.610184,27540050348.610176
683,684,4,33593880.41749732,117137864.0,47623333080.0,19999738747.807316,27623594332.192684,27623594332.19268
684,685,4,55187190.028301984,94265880.0,47717598960.0,20054925937.835617,27662673022.164383,27662673022.164383
685,686,4,29428691.742166664,113241112.0,47830840072.0,20084354629.57778,27746485442.42222,27746485442.422215
686,687,4,44068158.3146016,53527384.0,47884367456.0,20128422787.892387,27755944668.107613,27755944668.107616
687,688,4,45594453.98615919,73664168.0,47958031624.0,20174017241.878544,27784014382.121456,27784014382.121456
688,689,4,29174429.481254183,83336240.0,48041367864.0,20203191671.359802,27838176192.640198,27838176192.6402
689,690,4,20418528.759111926,56494320.0,48097862184.0,20223610200.11891,27874251983.88109,27874251983.881084
690,691,4,22332629.224665582,58145496.0,48156007680.0,20245942829.343575,27910064850.656425,27910064850.65642
691,692,4,63270402.07759093,53359024.0,48209366704.0,20309213231.421165,27900153472.578835,27900153472.578835
692,693,4,26679605.824194197,39688888.0,48249055592.0,20335892837.24536,27913162754.75464,27913162754.75464
693,694,4,71266669.66190931,18714888.0,48267770480.0,20407159506.907272,27860610973.092728,27860610973.09273
694,695,4,34943759.77717882,14286592.0,48282057072.0,20442103266.68445,27839953805.31555,27839953805.31555
695,696,4,14311834.071644593,9179416.0,48291236488.0,20456415100.756096,27834821387.243904,27834821387.243908
696,697,4,17246068.637533866,6202112.0,48297438600.0,20473661169.39363,27823777430.60637,27823777430.606377
697,698,4,82370474.28036995,17287048.0,48314725648.0,20556031643.674,27758694004.326,27758694004.326004
698,699,4,11771611.26319818,6095264.0,48320820912.0,20567803254.937195,27753017657.062805,27753017657.062805
699,700,4,21776078.156208955,16554832.0,48337375744.0,20589579333.093407,27747796410.906593,27747796410.906593
700,701,4,65504999.3697984,5487488.0,48342863232.0,20655084332.463203,27687778899.536797,27687778899.5368
701,702,4,14103129.284169253,0.0,48342863232.0,20669187461.747375,27673675770.252625,27673675770.252632
702,703,4,91087920.8478453,21632976.0,48364496208.0,20760275382.59522,27604220825.40478,27604220825.404785
703,704,4,43225549.01400879,63906648.0,48428402856.0,20803500931.609226,27624901924.390774,27624901924.390778
704,705,4,62583769.3266681,77389048.0,48505791904.0,20866084700.935898,27639707203.064102,27639707203.06411
705,706,4,91446820.97432159,64409896.0,48570201800.0,20957531521.910217,27612670278.089783,27612670278.089783
706,707,4,18776155.733907685,72088976.0,48642290776.0,20976307677.644127,27665983098.355873,27665983098.355873
707,708,4,65929208.43181799,89931456.0,48732222232.0,21042236886.075943,27689985345.924057,27689985345.924057
708,709,4,16226925.322395086,82417008.0,48814639240.0,21058463811.39834,27756175428.60166,27756175428.60167
709,710,4,34116316.019385904,110357024.0,48924996264.0,21092580127.417725,27832416136.582275,27832416136.58228
710,711,4,35492902.749266654,140995144.0,49065991408.0,21128073030.166992,27937918377.833008,27937918377.83301
711,712,4,19636849.75221973,125896288.0,49191887696.0,21147709879.919212,28044177816.080788,28044177816.08079
712,713,4,69840548.58704992,146619632.0,49338507328.0,21217550428.506256,28120956899.493744,28120956899.49374
713,714,4,56503012.13196747,133724056.0,49472231384.0,21274053440.63823,28198177943.36177,28198177943.361774
714,715,4,27249268.110304352,154593880.0,49626825264.0,21301302708.74853,28325522555.25147,28325522555.25147
715,716,4,18898969.36054139,178683336.0,49805508600.0,21320201678.10907,28485306921.89093,28485306921.890926
716,717,4,78824152.83112752,119714912.0,49925223512.0,21399025830.9402,28526197681.0598,28526197681.059803
717,718,4,56279927.7854015,150415104.0,50075638616.0,21455305758.7256,28620332857.2744,28620332857.274403
718,719,4,2673094.122035605,142608512.0,50218247128.0,21457978852.847637,28760268275.152363,28760268275.152367
719,720,4,56108787.889806114,144160680.0,50362407808.0,21514087640.737442,28848320167.262558,28848320167.262558
720,721,4,23429824.04521509,105441552.0,50467849360.0,21537517464.782658,28930331895.217342,28930331895.217346
721,722,4,99821915.19161218,137043664.0,50604893024.0,21637339379.97427,28967553644.02573,28967553644.025734
722,723,4,35015719.78700872,102385472.0,50707278496.0,21672355099.761276,29034923396.238724,29034923396.23872
723,724,4,58079165.91197983,90750856.0,50798029352.0,21730434265.67326,29067595086.32674,29067595086.32674
724,725,4,75735351.95922345,80419248.0,50878448600.0,21806169617.632484,29072278982.367516,29072278982.36752
725,726,4,77722156.16068405,73656656.0,50952105256.0,21883891773.793167,29068213482.206833,29068213482.206833
726,727,4,35418041.3216634,71560808.0,51023666064.0,21919309815.11483,29104356248.88517,29104356248.88517
727,728,4,35156592.694713965,69377512.0,51093043576.0,21954466407.809544,29138577168.190456,29138577168.190453
728,729,4,43229289.25824253,68810400.0,51161853976.0,21997695697.067787,29164158278.932213,29164158278.932213
729,730,4,74241712.5238041,31012616.0,51192866592.0,22071937409.59159,29120929182.40841,29120929182.40841
730,731,4,82616464.67226188,41331264.0,51234197856.0,22154553874.26385,29079643981.73615,29079643981.73615
731,732,4,46532526.376937166,22300608.0,51256498464.0,22201086400.640793,29055412063.359207,29055412063.35921
732,733,4,64385797.32542176,28919600.0,51285418064.0,22265472197.96621,29019945866.03379,29019945866.03379
733,734,4,34315666.20238592,9066144.0,51294484208.0,22299787864.1686,28994696343.8314,28994696343.831406
734,735,4,29122127.84789197,9263344.0,51303747552.0,22328909992.016487,28974837559.983513,28974837559.983513
735,736,4,42888241.87775982,33531824.0,51337279376.0,22371798233.89425,28965481142.10575,28965481142.10575
736,737,4,59552988.545121424,38913928.0,51376193304.0,22431351222.43937,28944842081.56063,28944842081.560635
737,738,4,76523714.91897768,33413080.0,51409606384.0,22507874937.35835,28901731446.64165,28901731446.641655
738,739,4,36040412.0733368,38258392.0,51447864776.0,22543915349.431686,28903949426.568314,28903949426.56832
739,740,4,36080490.27525961,50289920.0,51498154696.0,22579995839.706947,28918158856.293053,28918158856.293056
740,741,4,72093470.18199588,43956856.0,51542111552.0,22652089309.88894,28890022242.11106,28890022242.11106
741,742,4,81802819.28149763,63504712.0,51605616264.0,22733892129.170437,28871724134.829563,28871724134.829563
742,743,4,39114724.119972065,55248336.0,51660864600.0,22773006853.29041,28887857746.70959,28887857746.70959
743,744,4,43420431.20200004,80914720.0,51741779320.0,22816427284.49241,28925352035.50759,28925352035.50759
744,745,4,60935090.19744074,79510008.0,51821289328.0,22877362374.68985,28943926953.31015,28943926953.310154
745,746,4,38099413.55888346,67378208.0,51888667536.0,22915461788.248734,28973205747.751266,28973205747.751266
746,747,4,19180335.746011294,91939336.0,51980606872.0,22934642123.994743,29045964748.005257,29045964748.005257
747,748,4,34416505.39031968,90324608.0,52070931480.0,22969058629.385063,29101872850.614937,29101872850.614937
748,749,4,65094347.78976116,83210536.0,52154142016.0,23034152977.174828,29119989038.825172,29119989038.825176
749,750,4,55995476.52602398,77747128.0,52231889144.0,23090148453.70085,29141740690.29915,29141740690.299152
750,751,4,89416532.24174063,64913504.0,52296802648.0,23179564985.942593,29117237662.057407,29117237662.057407
751,752,4,36410306.25020296,61883784.0,52358686432.0,23215975292.192795,29142711139.807205,29142711139.80721
752,753,4,43879029.07678489,93586816.0,52452273248.0,23259854321.269577,29192418926.730423,29192418926.73042
753,754,4,97328348.95721515,74032040.0,52526305288.0,23357182670.226795,29169122617.773205,29169122617.773205
754,755,4,85385482.35321826,82579776.0,52608885064.0,23442568152.580013,29166316911.419987,29166316911.419987
755,756,4,36889409.40593834,84141824.0,52693026888.0,23479457561.985954,29213569326.014046,29213569326.01405
756,757,4,87790826.07989994,105153648.0,52798180536.0,23567248388.06585,29230932147.93415,29230932147.93415
757,758,4,56359219.057995416,70923768.0,52869104304.0,23623607607.123848,29245496696.876152,29245496696.876156
758,759,4,63275225.14898315,107330976.0,52976435280.0,23686882832.272827,29289552447.727173,29289552447.727173
759,760,4,103794447.32767537,87236776.0,53063672056.0,23790677279.600502,29272994776.399498,29272994776.399494
760,761,4,151333647.8628674,88357224.0,53152029280.0,23942010927.46337,29210018352.53663,29210018352.53663
761,762,4,56440555.13483946,105336816.0,53257366096.0,23998451482.59821,29258914613.40179,29258914613.401787
762,763,4,91093087.09591632,108703680.0,53366069776.0,24089544569.694126,29276525206.305874,29276525206.30587
763,764,4,33363624.516905636,111296800.0,53477366576.0,24122908194.211033,29354458381.788967,29354458381.788967
764,765,4,65664758.44057545,84830752.0,53562197328.0,24188572952.651608,29373624375.348392,29373624375.348392
765,766,4,45854750.51835838,95358848.0,53657556176.0,24234427703.169968,29423128472.830032,29423128472.830032
766,767,4,55179565.860294916,112903400.0,53770459576.0,24289607269.03026,29480852306.96974,29480852306.969738
767,768,4,39289366.569310956,82496104.0,53852955680.0,24328896635.59957,29524059044.40043,29524059044.400425
768,769,4,51111727.42319897,105794240.0,53958749920.0,24380008363.022774,29578741556.977226,29578741556.977226
769,770,4,80759253.38247156,64673256.0,54023423176.0,24460767616.405243,29562655559.594757,29562655559.594753
770,771,4,101330969.64717914,53657224.0,54077080400.0,24562098586.05242,29514981813.94758,29514981813.947575
771,772,4,44766567.915060386,45228040.0,54122308440.0,24606865153.967484,29515443286.032516,29515443286.032513
772,773,4,100063075.41533425,66176584.0,54188485024.0,24706928229.382816,29481556794.617184,29481556794.617184
773,774,4,48503178.70689379,43060208.0,54231545232.0,24755431408.08971,29476113823.91029,29476113823.91029
774,775,4,98839584.31810936,61195088.0,54292740320.0,24854270992.40782,29438469327.59218,29438469327.59218
775,776,4,46468737.11928176,55470448.0,54348210768.0,24900739729.5271,29447471038.4729,29447471038.472893
776,777,4,64893489.82911059,47671464.0,54395882232.0,24965633219.356213,29430249012.643787,29430249012.643784
777,778,4,54281380.690439284,39021288.0,54434903520.0,25019914600.046654,29414988919.953346,29414988919.953346
778,779,4,40754632.88494955,52361760.0,54487265280.0,25060669232.931602,29426596047.068398,29426596047.068394
779,780,4,56016039.31624463,94097856.0,54581363136.0,25116685272.247845,29464677863.752155,29464677863.752148
780,781,4,82297361.29395233,79881824.0,54661244960.0,25198982633.541798,29462262326.458202,29462262326.4582
781,782,4,104051985.5900226,88147544.0,54749392504.0,25303034619.13182,29446357884.86818,29446357884.868176
782,783,4,43691973.1827987,81243136.0,54830635640.0,25346726592.31462,29483909047.68538,29483909047.68538
783,784,4,67487764.4871974,98453080.0,54929088720.0,25414214356.801815,29514874363.198185,29514874363.198177
784,785,4,121011945.51026358,98131584.0,55027220304.0,25535226302.31208,29491994001.68792,29491994001.687916
785,786,4,74632527.41482347,88865152.0,55116085456.0,25609858829.726902,29506226626.273098,29506226626.273094
786,787,4,109704331.07017036,97841768.0,55213927224.0,25719563160.797073,29494364063.202927,29494364063.20292
787,788,4,43731292.922683515,106241400.0,55320168624.0,25763294453.719757,29556874170.280243,29556874170.28024
788,789,4,34243553.53512006,86044320.0,55406212944.0,25797538007.254875,29608674936.745125,29608674936.745125
789,790,4,117681436.54356061,86377432.0,55492590376.0,25915219443.79844,29577370932.20156,29577370932.201557
790,791,4,62165809.34491554,82873568.0,55575463944.0,25977385253.143356,29598078690.856644,29598078690.856644
791,792,4,130215609.49560392,67316488.0,55642780432.0,26107600862.638958,29535179569.361042,29535179569.36104
792,793,4,52905625.78446956,69338104.0,55712118536.0,26160506488.42343,29551612047.57657,29551612047.576572
793,794,4,30082398.69345893,48919864.0,55761038400.0,26190588887.11689,29570449512.88311,29570449512.88311
794,795,4,43671517.48339388,85226944.0,55846265344.0,26234260404.60028,29612004939.39972,29612004939.399723
795,796,4,46547696.701180235,84654000.0,55930919344.0,26280808101.30146,29650111242.69854,29650111242.698544
796,797,4,59454810.84369862,88631184.0,56019550528.0,26340262912.14516,29679287615.85484,29679287615.85484
797,798,4,44140263.34923112,61312000.0,56080862528.0,26384403175.494392,29696459352.505608,29696459352.50561
798,799,4,71633397.07366785,56884592.0,56137747120.0,26456036572.56806,29681710547.43194,29681710547.431942
799,800,4,41505914.60043667,42583080.0,56180330200.0,26497542487.168495,29682787712.831505,29682787712.83151
800,801,4,56391048.5492994,68174920.0,56248505120.0,26553933535.717796,29694571584.282204,29694571584.282207
801,802,4,172309270.19077098,48992448.0,56297497568.0,26726242805.908566,29571254762.091434,29571254762.091434
802,803,4,61611604.46244119,65967080.0,56363464648.0,26787854410.371006,29575610237.628994,29575610237.628994
803,804,4,16220097.081145113,43012696.0,56406477344.0,26804074507.452152,29602402836.547848,29602402836.547844
804,805,4,64443218.77193448,45503192.0,56451980536.0,26868517726.224087,29583462809.775913,29583462809.775913
805,806,4,54895243.97251622,40598968.0,56492579504.0,26923412970.1966,29569166533.8034,29569166533.8034
806,807,4,108748440.00560716,47331848.0,56539911352.0,27032161410.20221,29507749941.79779,29507749941.79779
807,808,4,80545203.05751552,37937992.0,56577849344.0,27112706613.259727,29465142730.740273,29465142730.740273
808,809,4,50437250.27085306,42059568.0,56619908912.0,27163143863.53058,29456765048.46942,29456765048.46942
809,810,4,60901573.210950896,57672720.0,56677581632.0,27224045436.74153,29453536195.25847,29453536195.25847
810,811,4,62291818.72855918,63014760.0,56740596392.0,27286337255.47009,29454259136.52991,29454259136.529903
811,812,4,49562818.57786943,58333360.0,56798929752.0,27335900074.04796,29463029677.95204,29463029677.95204
812,813,4,87418067.64054975,78628408.0,56877558160.0,27423318141.688507,29454240018.311493,29454240018.311493
813,814,4,63156422.53645923,96730568.0,56974288728.0,27486474564.224968,29487814163.775032,29487814163.775036
814,815,4,84467689.20939514,79879824.0,57054168552.0,27570942253.434364,29483226298.565636,29483226298.565636
815,816,4,105479233.56282057,88619040.0,57142787592.0,27676421486.99718,29466366105.00282,29466366105.002815
816,817,4,73209736.77150431,100513976.0,57243301568.0,27749631223.768684,29493670344.231316,29493670344.23131
817,818,4,118095251.76251069,77450096.0,57320751664.0,27867726475.531197,29453025188.468803,29453025188.468803
818,819,4,85113755.44067186,88671680.0,57409423344.0,27952840230.97187,29456583113.02813,29456583113.02813
819,820,4,54511716.03197054,99937800.0,57509361144.0,28007351947.00384,29502009196.99616,29502009196.99616
820,821,4,93926850.3590321,84034400.0,57593395544.0,28101278797.362873,29492116746.637127,29492116746.637127
821,822,4,155277347.55353066,89211600.0,57682607144.0,28256556144.916405,29426050999.083595,29426050999.083595
822,823,4,110746322.16351976,54171552.0,57736778696.0,28367302467.079926,29369476228.920074,29369476228.92008
823,824,4,67461080.0315095,49102208.0,57785880904.0,28434763547.111435,29351117356.888565,29351117356.888565
824,825,4,92356933.69777682,65321800.0,57851202704.0,28527120480.80921,29324082223.19079,29324082223.19079
825,826,4,47049995.128829785,33633392.0,57884836096.0,28574170475.93804,29310665620.06196,29310665620.06196
826,827,4,63861102.966241844,30317008.0,57915153104.0,28638031578.90428,29277121525.09572,29277121525.09572
827,828,4,62817982.12332834,30439536.0,57945592640.0,28700849561.027607,29244743078.972393,29244743078.97239
828,829,4,71471270.38756382,38479384.0,57984072024.0,28772320831.415173,29211751192.584827,29211751192.584827
829,830,4,172976561.01696637,28877688.0,58012949712.0,28945297392.43214,29067652319.56786,29067652319.567863
830,831,4,63869575.9484775,29708384.0,58042658096.0,29009166968.380615,29033491127.619385,29033491127.619385
831,832,4,72528228.20387158,26015944.0,58068674040.0,29081695196.584488,28986978843.415512,28986978843.415512
832,833,4,135819505.6184885,26251424.0,58094925464.0,29217514702.202976,28877410761.797024,28877410761.797024
833,834,4,86043256.56394674,15772896.0,58110698360.0,29303557958.766922,28807140401.233078,28807140401.23307
834,835,4,159840459.06923744,40517920.0,58151216280.0,29463398417.83616,28687817862.16384,28687817862.163837
835,836,4,200871329.6949235,55713968.0,58206930248.0,29664269747.531086,28542660500.468914,28542660500.468914
836,837,4,103292736.69639432,46728416.0,58253658664.0,29767562484.227478,28486096179.772522,28486096179.772522
837,838,4,84169047.63179299,44311944.0,58297970608.0,29851731531.859272,28446239076.140728,28446239076.14073
838,839,4,67045158.60763565,52508576.0,58350479184.0,29918776690.466908,28431702493.533092,28431702493.533092
839,840,4,83642235.17374815,47094680.0,58397573864.0,30002418925.640656,28395154938.359344,28395154938.359344
840,841,4,111348320.1532138,38814680.0,58436388544.0,30113767245.79387,28322621298.20613,28322621298.20613
841,842,4,204433841.6052751,64175680.0,58500564224.0,30318201087.399147,28182363136.600853,28182363136.600853
842,843,4,92526690.48865883,48156312.0,58548720536.0,30410727777.887802,28137992758.112198,28137992758.112198
843,844,4,116921171.59735556,52071576.0,58600792112.0,30527648949.48516,28073143162.51484,28073143162.514843
844,845,4,100773584.9700681,64798552.0,58665590664.0,30628422534.455227,28037168129.544773,28037168129.544777
845,846,4,34714080.848333,56991040.0,58722581704.0,30663136615.303562,28059445088.696438,28059445088.69644
846,847,4,130202225.23786485,112750264.0,58835331968.0,30793338840.541424,28041993127.458576,28041993127.458576
847,848,4,117187254.21807058,67840176.0,58903172144.0,30910526094.7595,27992646049.2405,27992646049.2405
848,849,4,100680451.35241443,62827864.0,58966000008.0,31011206546.111908,27954793461.888092,27954793461.888092
849,850,4,145024844.60974383,69647800.0,59035647808.0,31156231390.721653,27879416417.278347,27879416417.27835
850,851,4,114723419.19086961,62843192.0,59098491000.0,31270954809.91252,27827536190.08748,27827536190.08748
851,852,4,166198020.64480692,62173984.0,59160664984.0,31437152830.55733,27723512153.44267,27723512153.442673
852,853,4,118983042.69620863,50831920.0,59211496904.0,31556135873.25354,27655361030.74646,27655361030.746464
853,854,4,113767858.84674929,63069360.0,59274566264.0,31669903732.10029,27604662531.89971,27604662531.899715
854,855,4,150410001.12049186,38398872.0,59312965136.0,31820313733.22078,27492651402.77922,27492651402.779224
855,856,4,100584146.71524385,38133872.0,59351099008.0,31920897879.936028,27430201128.063972,27430201128.063976
856,857,4,80173456.26415458,21025888.0,59372124896.0,32001071336.20018,27371053559.79982,27371053559.79982
857,858,4,96439185.48458801,37377424.0,59409502320.0,32097510521.68477,27311991798.31523,27311991798.31523
858,859,4,57102564.81057674,31557384.0,59441059704.0,32154613086.495342,27286446617.504658,27286446617.504658
859,860,4,94962371.43121353,26988032.0,59468047736.0,32249575457.92656,27218472278.07344,27218472278.07344
860,861,4,114612591.63017645,11294728.0,59479342464.0,32364188049.556732,27115154414.443268,27115154414.443264
861,862,4,174663416.79111245,9329000.0,59488671464.0,32538851466.347847,26949819997.652153,26949819997.652153
862,863,4,152716220.1332583,15317248.0,59503988712.0,32691567686.481102,26812421025.518898,26812421025.518894
863,864,4,315636544.9454287,7862296.0,59511851008.0,33007204231.426533,26504646776.573467,26504646776.573467
864,865,4,107084308.29947639,9052416.0,59520903424.0,33114288539.72601,26406614884.27399,26406614884.273994
865,866,4,199033468.32809263,17584080.0,59538487504.0,33313322008.0541,26225165495.9459,26225165495.9459
866,867,4,181244593.7965178,8122632.0,59546610136.0,33494566601.85062,26052043534.14938,26052043534.14938
867,868,4,144831236.4592726,14816656.0,59561426792.0,33639397838.30989,25922028953.69011,25922028953.69011
868,869,4,185193872.6015765,7729136.0,59569155928.0,33824591710.91147,25744564217.08853,25744564217.08853
869,870,4,115264533.12905549,5163496.0,59574319424.0,33939856244.040524,25634463179.959476,25634463179.959476
870,871,4,63811693.592158586,15237376.0,59589556800.0,34003667937.632683,25585888862.367317,25585888862.367317
871,872,4,121207575.05768073,5507600.0,59595064400.0,34124875512.690365,25470188887.309635,25470188887.309635
872,873,4,211813141.94066036,0.0,59595064400.0,34336688654.631023,25258375745.368977,25258375745.368977
873,874,4,58442651.545925155,0.0,59595064400.0,34395131306.17695,25199933093.82305,25199933093.823048
874,875,4,119627890.52986445,0.0,59595064400.0,34514759196.70682,25080305203.293182,25080305203.293182
875,876,4,108718477.1097404,0.0,59595064400.0,34623477673.81655,24971586726.18345,24971586726.183445
876,877,4,141075195.24134737,0.0,59595064400.0,34764552869.05791,24830511530.942093,24830511530.942097
877,878,4,108292610.80401587,0.0,59595064400.0,34872845479.861916,24722218920.138084,24722218920.138084
878,879,4,138335138.64864418,0.0,59595064400.0,35011180618.51056,24583883781.48944,24583883781.48944
879,880,4,141338547.1106633,0.0,59595064400.0,35152519165.62122,24442545234.378777,24442545234.378777
880,881,4,129412987.56740093,0.0,59595064400.0,35281932153.18863,24313132246.81137,24313132246.811375
881,882,4,128509340.83306646,0.0,59595064400.0,35410441494.0217,24184622905.978302,24184622905.97831
882,883,4,97747112.03114322,0.0,59595064400.0,35508188606.05283,24086875793.947166,24086875793.947166
883,884,4,98599577.43210295,0.0,59595064400.0,35606788183.48494,23988276216.51506,23988276216.51506
884,885,4,150498990.67442328,14907000.0,59609971400.0,35757287174.15936,23852684225.840637,23852684225.84064
885,886,4,135064235.3735443,20310880.0,59630282280.0,35892351409.532906,23737930870.467094,23737930870.46709
886,887,4,137862080.11650833,31782272.0,59662064552.0,36030213489.649414,23631851062.350586,23631851062.350586
887,888,4,176354418.73728907,41071864.0,59703136416.0,36206567908.3867,23496568507.613297,23496568507.6133
888,889,4,158079625.75215778,31408104.0,59734544520.0,36364647534.138855,23369896985.861145,23369896985.861137
889,890,4,172020768.41706923,39661128.0,59774205648.0,36536668302.55592,23237537345.444077,23237537345.44407
890,891,4,168554737.39746976,17284032.0,59791489680.0,36705223039.9534,23086266640.0466,23086266640.0466
891,892,4,143661121.27601656,30704152.0,59822193832.0,36848884161.229416,22973309670.770584,22973309670.770584
892,893,4,80045600.79646781,37593472.0,59859787304.0,36928929762.02589,22930857541.974113,22930857541.974117
893,894,3,55146326.60231531,22660560.0,59882447864.0,36984076088.6282,22898371775.371803,22898371775.3718
894,895,3,74918582.4127977,31883000.0,59914330864.0,37058994671.04099,22855336192.959007,22855336192.959003
895,896,3,88351457.71658361,28405840.0,59942736704.0,37147346128.75758,22795390575.242416,22795390575.24242
896,897,3,43271234.42820245,30782848.0,59973519552.0,37190617363.185776,22782902188.814224,22782902188.814217
897,898,3,61234534.08894182,30484768.0,60004004320.0,37251851897.27472,22752152422.72528,22752152422.725277
898,899,3,68337553.9865249,24797040.0,60028801360.0,37320189451.261246,22708611908.738754,22708611908.73875
899,900,3,51166747.906579316,5586144.0,60034387504.0,37371356199.16783,22663031304.83217,22663031304.832172
900,901,3,103825775.74407676,0.0,60034387504.0,37475181974.91191,22559205529.08809,22559205529.088097
901,902,3,101092037.18919721,0.0,60034387504.0,37576274012.101105,22458113491.898895,22458113491.898895
902,903,3,114657621.6851592,0.0,60034387504.0,37690931633.78626,22343455870.213737,22343455870.213737
903,904,3,114845236.44861975,0.0,60034387504.0,37805776870.23488,22228610633.76512,22228610633.765118
904,905,3,192846916.52846465,0.0,60034387504.0,37998623786.76334,22035763717.236656,22035763717.236652
905,906,3,173136411.8946303,0.0,60034387504.0,38171760198.657974,21862627305.342026,21862627305.342022
906,907,3,181530686.5176528,0.0,60034387504.0,38353290885.17563,21681096618.82437,21681096618.82437
907,908,3,198480323.0170717,0.0,60034387504.0,38551771208.1927,21482616295.807297,21482616295.8073
908,909,3,200448828.32876924,0.0,60034387504.0,38752220036.52147,21282167467.47853,21282167467.47853
909,910,3,192631670.06444412,0.0,60034387504.0,38944851706.585915,21089535797.414085,21089535797.41408
910,911,3,212679910.66965604,0.0,60034387504.0,39157531617.25557,20876855886.74443,20876855886.74443
911,912,3,177272400.4435575,0.0,60034387504.0,39334804017.69913,20699583486.300873,20699583486.30087
912,913,2,142412372.91742444,0.0,60034387504.0,39477216390.61655,20557171113.383453,20557171113.383446
913,914,2,142508128.3255657,0.0,60034387504.0,39619724518.94212,20414662985.057877,20414662985.05788
914,915,1,64326217.22079016,0.0,60034387504.0,39684050736.16291,20350336767.83709,20350336767.837093
915,916,0,0.0,0.0,60034387504.0,39684050736.16291,20350336767.83709,20350336767.837093
916,917,0,0.0,0.0,60034387504.0,39684050736.16291,20350336767.83709,20350336767.837093
917,918,0,0.0,0.0,60034387504.0,39684050736.16291,20350336767.83709,20350336767.837093
918,919,0,0.0,0.0,60034387504.0,39684050736.16291,20350336767.83709,20350336767.837093
919,920,0,0.0,0.0,60034387504.0,39684050736.16291,20350336767.83709,20350336767.837093
920,921,0,0.0,0.0,60034387504.0,39684050736.16291,20350336767.83709,20350336767.837093
921,922,0,0.0,0.0,60034387504.0,39684050736.16291,20350336767.83709,20350336767.837093
922,923,0,0.0,0.0,60034387504.0,39684050736.16291,20350336767.83709,20350336767.837093
923,924,0,0.0,0.0,60034387504.0,39684050736.16291,20350336767.83709,20350336767.837093
924,925,0,0.0,0.0,60034387504.0,39684050736.16291,20350336767.83709,20350336767.837093
925,926,0,0.0,0.0,60034387504.0,39684050736.16291,20350336767.83709,20350336767.837093
