rank,data_id,source_uav_id,collection_complete_time_s,first_tx_time_s,delivery_time_s,pre_first_send_wait_s,post_first_send_to_complete_s,total_delay_s
1,589,5,410.7691617028197,779.0,784.0,368.2308382971803,5.0,373.2308382971803
2,7503,14,411.28907966855843,780.0,784.0,368.71092033144157,4.0,372.71092033144157
3,7414,6,412.66376849400626,781.0,785.0,368.33623150599374,4.0,372.33623150599374
4,811,9,409.67610280759703,778.0,782.0,368.32389719240297,4.0,372.32389719240297
5,7512,14,411.938135122846,783.0,784.0,371.061864877154,1.0,372.061864877154
6,7809,7,413.0174481604466,783.0,785.0,369.9825518395534,2.0,371.9825518395534
7,7806,7,412.0555340166254,781.0,784.0,368.9444659833746,3.0,371.9444659833746
8,7417,6,413.06339733484776,784.0,785.0,370.93660266515224,1.0,371.93660266515224
9,7516,14,409.06831381881386,779.0,781.0,369.93168618118614,2.0,371.93168618118614
10,194,4,410.10072015972503,781.0,782.0,370.89927984027497,1.0,371.89927984027497
11,1142,18,409.1161463889716,778.0,781.0,368.8838536110284,3.0,371.8838536110284
12,7728,17,449.1629848217935,820.0,821.0,370.8370151782065,1.0,371.8370151782065
13,7815,7,410.16744816044655,781.0,782.0,370.83255183955345,1.0,371.83255183955345
14,1145,18,412.27901754813007,782.0,784.0,369.72098245186993,2.0,371.72098245186993
15,1158,18,411.3171034043089,780.0,783.0,368.6828965956911,3.0,371.6828965956911
16,184,4,409.38822015972505,777.0,781.0,367.61177984027495,4.0,371.61177984027495
17,7754,17,408.3915970665602,776.0,780.0,367.6084029334398,4.0,371.6084029334398
18,1153,18,413.4546034043089,783.0,785.0,369.5453965956911,2.0,371.5453965956911
19,7818,7,408.4930340166254,777.0,780.0,368.5069659833746,3.0,371.5069659833746
20,7415,6,410.5262684940062,781.0,782.0,370.4737315059938,1.0,371.4737315059938
21,1157,18,415.5286463889716,784.0,787.0,368.4713536110284,3.0,371.4713536110284
22,7758,17,414.5547722947725,782.0,786.0,367.4452277052275,4.0,371.4452277052275
23,193,4,410.5638060159039,780.0,782.0,369.4361939840961,2.0,371.4361939840961
24,7753,17,409.56727229477247,779.0,781.0,369.43272770522753,2.0,371.43272770522753
25,246,11,446.5735173624766,816.0,818.0,369.4264826375234,2.0,371.4264826375234
26,7752,17,411.6413277490601,780.0,783.0,368.3586722509399,3.0,371.3586722509399
27,7502,14,412.65063512284604,783.0,784.0,370.34936487715396,1.0,371.34936487715396
28,7436,6,447.70784279942455,815.0,819.0,367.29215720057545,4.0,371.29215720057545
29,7810,7,413.72994816044655,784.0,785.0,370.27005183955345,1.0,371.27005183955345
30,164,4,451.8066192369311,817.0,823.0,365.1933807630689,6.0,371.1933807630689
31,1147,18,409.82864638897155,780.0,781.0,370.17135361102845,1.0,371.17135361102845
32,253,11,450.84851736247657,819.0,822.0,368.15148263752343,3.0,371.15148263752343
33,7723,17,449.8754848217935,814.0,821.0,364.1245151782065,7.0,371.1245151782065
34,7804,7,410.8799481604466,779.0,782.0,368.1200518395534,3.0,371.1200518395534
35,7831,7,450.9115224658649,820.0,822.0,369.0884775341351,2.0,371.0884775341351
36,7402,6,410.9258973348477,778.0,782.0,367.0741026651523,4.0,371.0741026651523
37,389,18,448.9274852057393,817.0,820.0,368.0725147942607,3.0,371.0725147942607
38,1150,18,412.99151754813005,783.0,784.0,370.00848245186995,1.0,371.00848245186995
39,1149,18,408.0040175481301,778.0,779.0,369.9959824518699,1.0,370.9959824518699
40,391,18,445.03239458420694,814.0,816.0,368.96760541579306,2.0,370.96760541579306
41,225,4,371.04665369913613,740.0,742.0,368.95334630086387,2.0,370.95334630086387
42,397,18,445.0522158882391,815.0,816.0,369.9477841117609,1.0,370.9477841117609
43,395,18,451.0649852057393,821.0,822.0,369.9350147942607,1.0,370.9350147942607
44,598,5,409.09474755899856,779.0,780.0,369.90525244100144,1.0,370.90525244100144
45,7750,17,409.10409706656026,779.0,780.0,369.89590293343974,1.0,370.89590293343974
46,240,11,446.11034213426433,814.0,817.0,367.88965786573567,3.0,370.88965786573567
47,7505,14,410.1134044403462,780.0,781.0,369.8865955596538,1.0,370.8865955596538
48,806,9,406.11360280759703,769.0,777.0,362.88639719240297,8.0,370.88639719240297
49,7807,7,414.12957700128806,784.0,785.0,369.87042299871194,1.0,370.87042299871194
50,7506,14,414.1390796685584,784.0,785.0,369.8609203314416,1.0,370.8609203314416
